filename,sport,sub_sport,start_time,total_distance_m,total_timer_time_s,total_ascent_m,total_descent_m,avg_heart_rate,max_heart_rate,avg_speed_ms,max_speed_ms,total_calories
mario8000@gmail.com_204779020322.fit,cycling,mountain,2023-08-16 10:06:07,126520.08,31282.684,876.0,870.0,,,4.044,13.837,3861.0
mario8000@gmail.com_204929837779.fit,cycling,mountain,2023-08-17 09:42:37,106007.31,22748.453,971.0,1066.0,,,4.66,15.722,3645.0
mario8000@gmail.com_205106210741.fit,cycling,mountain,2023-08-18 11:18:34,85586.39,27025.158,875.0,869.0,,,3.167,14.136,2752.0
mario8000@gmail.com_205223242088.fit,cycling,mountain,2023-08-19 10:12:40,23698.83,6739.045,332.0,334.0,,,3.517,14.341,841.0
mario8000@gmail.com_208287528493.fit,cycling,mountain,2023-08-21 15:05:12,6291.19,11309.141,173.0,162.0,,,0.556,7.222,234.0
mario8000@gmail.com_208324463432.fit,cycling,mountain,2023-09-06 13:55:39,48774.18,15094.17,1160.0,1165.0,,,3.231,16.263,1959.0
mario8000@gmail.com_210215012279.fit,cycling,mountain,2023-09-17 10:53:49,32536.88,16543.135,950.0,1017.0,,,1.967,10.105,1352.0
mario8000@gmail.com_211057816205.fit,cycling,mountain,2023-09-22 14:15:48,15635.07,3513.467,384.0,382.0,,,4.45,15.704,687.0
mario8000@gmail.com_212097377406.fit,cycling,mountain,2023-09-28 14:21:22,29014.14,9817.263,814.0,817.0,,,2.955,12.522,1278.0
mario8000@gmail.com_212238324785.fit,cycling,mountain,2023-09-29 12:24:26,11102.01,3520.229,373.0,370.0,,,3.154,10.124,500.0
mario8000@gmail.com_212418394738.fit,cycling,mountain,2023-09-30 11:57:11,7755.8,3675.493,101.0,108.0,,,2.11,9.807,232.0
mario8000@gmail.com_212418408348.fit,cycling,mountain,2023-09-30 12:58:55,18507.33,5146.721,713.0,712.0,,,3.596,11.15,932.0
mario8000@gmail.com_212418409456.fit,cycling,mountain,2023-09-30 14:26:12,1227.94,673.618,29.0,19.0,,,1.823,5.207,44.0
mario8000@gmail.com_212793276519.fit,cycling,mountain,2023-10-02 15:39:19,24386.01,4101.689,80.0,88.0,,,5.945,9.928,658.0
mario8000@gmail.com_213144380684.fit,cycling,mountain,2023-10-04 15:33:59,26641.95,4920.879,88.0,88.0,,,5.414,9.48,700.0
mario8000@gmail.com_218520550807.fit,cycling,mountain,2023-11-05 09:26:57,26488.47,7356.383,534.0,555.0,,,3.601,12.774,974.0
mario8000@gmail.com_247338529794.fit,cycling,mountain,2024-04-14 10:10:22,18382.97,5372.722,571.0,563.0,,,3.422,13.8,857.0
mario8000@gmail.com_249928537384.fit,hiking,generic,2024-04-27 11:00:42,10178.6,20010.263,419.0,411.0,85.0,125.0,,,1138.0
mario8000@gmail.com_250087089665.fit,cycling,mountain,2024-04-28 09:05:06,37333.7,13793.285,956.0,968.0,,,2.707,16.021,1496.0
mario8000@gmail.com_250709606125.fit,cycling,mountain,2024-05-01 08:45:16,38307.83,13476.726,1073.0,1120.0,140.0,185.0,2.843,17.402,1862.0
mario8000@gmail.com_250760712428.fit,hiking,generic,2024-05-01 14:49:25,9139.2,10486.002,551.0,549.0,106.0,150.0,,,951.0
mario8000@gmail.com_251132869259.fit,running,generic,2024-05-03 13:43:37,7540.84,2159.49,21.0,21.0,164.0,187.0,,,528.0
mario8000@gmail.com_251353809648.fit,cycling,mountain,2024-05-02 21:55:04,0.0,1.615,0.0,0.0,,,0.0,,0.0
mario8000@gmail.com_251353844788.fit,cycling,mountain,2024-05-04 10:49:32,44936.13,18343.169,1310.0,1293.0,122.0,176.0,2.45,10.954,1930.0
mario8000@gmail.com_252200537886.fit,running,generic,2024-05-08 19:44:18,5010.66,1447.433,15.0,13.0,156.0,171.0,,,339.0
mario8000@gmail.com_252927839014.fit,cycling,mountain,2024-05-12 06:18:37,36595.81,9334.266,833.0,831.0,138.0,171.0,3.921,11.859,1449.0
mario8000@gmail.com_253216740308.fit,running,generic,2024-05-13 17:42:24,5508.47,1350.925,1.0,0.0,167.0,183.0,,,334.0
mario8000@gmail.com_253594099849.fit,cycling,mountain,2024-05-15 09:45:51,55059.13,15698.317,1330.0,1327.0,,,3.507,14.22,2123.0
mario8000@gmail.com_254418927838.fit,cycling,mountain,2024-05-19 12:02:23,32862.22,10861.972,860.0,853.0,132.0,179.0,3.025,12.177,1301.0
mario8000@gmail.com_254863775091.fit,running,generic,2024-05-21 17:50:11,10504.74,3048.276,34.0,29.0,161.0,184.0,,,721.0
mario8000@gmail.com_255263522488.fit,cycling,mountain,2024-05-23 17:30:26,17631.23,5184.252,550.0,565.0,142.0,182.0,3.401,12.41,742.0
mario8000@gmail.com_255776512031.fit,cycling,mountain,2024-05-26 08:17:54,4792.24,1753.493,108.0,109.0,138.0,165.0,2.733,15.629,293.0
mario8000@gmail.com_255810343496.fit,cycling,mountain,2024-05-26 08:56:20,36244.4,7876.005,1072.0,1072.0,172.0,187.0,4.602,14.239,1894.0
mario8000@gmail.com_256471368007.fit,running,generic,2024-05-29 16:34:47,16290.77,5019.421,38.0,33.0,160.0,170.0,,,1180.0
mario8000@gmail.com_256882141215.fit,cycling,mountain,2024-05-31 16:23:00,37488.67,11261.589,808.0,831.0,127.0,180.0,3.329,12.027,1315.0
mario8000@gmail.com_257082253323.fit,cycling,mountain,2024-06-01 14:18:31,49322.78,16009.099,1050.0,1056.0,121.0,172.0,3.081,13.893,1691.0
mario8000@gmail.com_257492044439.fit,running,generic,2024-06-03 17:49:01,10054.42,3029.369,31.0,31.0,159.0,178.0,,,718.0
mario8000@gmail.com_258106331042.fit,cycling,mountain,2024-06-06 16:13:52,31889.96,9335.877,767.0,755.0,138.0,179.0,3.416,12.251,1286.0
mario8000@gmail.com_258453592057.fit,cycling,mountain,2024-06-08 04:56:47,91171.18,25559.869,3117.0,3093.0,157.0,184.0,3.567,14.77,4151.0
mario8000@gmail.com_261694989769.fit,cycling,mountain,2024-06-23 12:26:46,43634.95,9916.678,83.0,82.0,99.0,149.0,4.4,11.514,679.0
mario8000@gmail.com_262570486012.fit,hiking,generic,2024-06-28 10:27:58,12419.1,16591.564,584.0,586.0,102.0,152.0,,,1430.0
mario8000@gmail.com_263732355820.fit,training,62,2024-06-30 13:36:19,,334.0,,,76.0,84.0,,,
mario8000@gmail.com_263791321516.fit,cycling,mountain,2024-07-04 14:06:18,52200.04,16409.704,1266.0,1266.0,143.0,186.0,3.181,12.512,2294.0
mario8000@gmail.com_263957559234.fit,cycling,mountain,2024-07-05 10:57:04,41538.0,13507.045,1144.0,1138.0,136.0,180.0,3.075,13.53,1748.0
mario8000@gmail.com_264386145514.fit,cycling,mountain,2024-07-07 15:16:34,32090.38,7712.363,744.0,477.0,139.0,182.0,4.161,12.046,1152.0
mario8000@gmail.com_264612276209.fit,cycling,mountain,2024-07-08 15:23:15,64587.48,17551.585,988.0,1000.0,120.0,176.0,3.68,12.447,1837.0
mario8000@gmail.com_265413959091.fit,cycling,mountain,2024-07-12 17:42:28,20251.74,4646.892,72.0,58.0,102.0,138.0,4.358,10.189,357.0
mario8000@gmail.com_265547430718.fit,cycling,mountain,2024-07-13 09:07:05,28943.7,6761.601,951.0,956.0,176.0,191.0,4.281,14.575,1748.0
mario8000@gmail.com_266030922034.fit,cycling,mountain,2024-07-15 15:01:13,44492.05,15677.066,1110.0,1096.0,129.0,181.0,2.838,15.125,1849.0
mario8000@gmail.com_266239706747.fit,running,generic,2024-07-16 19:05:20,5033.3,1423.301,15.0,15.0,159.0,173.0,,,346.0
mario8000@gmail.com_267491517799.fit,cycling,mountain,2024-07-22 16:13:33,21643.51,9288.774,713.0,722.0,128.0,177.0,2.33,11.738,1066.0
mario8000@gmail.com_268282865410.fit,cycling,mountain,2024-07-26 15:42:11,14062.9,4524.523,533.0,320.0,158.0,189.0,3.108,11.104,943.0
mario8000@gmail.com_268476788872.fit,cycling,mountain,2024-07-27 09:21:50,58109.58,21993.955,1956.0,1900.0,127.0,181.0,2.642,16.506,2605.0
mario8000@gmail.com_269708494848.fit,cycling,mountain,2024-08-02 10:27:57,57716.96,17249.988,1378.0,1186.0,135.0,187.0,3.346,14.397,2357.0
mario8000@gmail.com_270145048442.fit,cycling,mountain,2024-08-04 14:43:07,38468.08,11380.245,992.0,994.0,138.0,181.0,3.38,15.116,1579.0
mario8000@gmail.com_270576392636.fit,running,generic,2024-08-06 18:42:48,6630.73,1974.999,24.0,20.0,159.0,187.0,,,481.0
mario8000@gmail.com_270777803991.fit,cycling,mountain,2024-08-07 15:43:29,25184.07,8847.431,756.0,754.0,138.0,183.0,2.846,13.138,1296.0
mario8000@gmail.com_271377638566.fit,cycling,mountain,2024-08-10 09:19:31,55499.66,23941.89,1721.0,1749.0,120.0,189.0,2.318,18.428,2632.0
mario8000@gmail.com_271803535949.fit,cycling,indoor_cycling,2024-08-12 16:22:11,0.0,1871.839,,,147.0,162.0,,,406.0
mario8000@gmail.com_272392029207.fit,cycling,mountain,2024-08-15 10:20:34,10918.97,4074.568,372.0,369.0,133.0,178.0,2.68,13.781,609.0
mario8000@gmail.com_272657180794.fit,cycling,mountain,2024-08-16 14:23:32,43169.83,15178.58,1016.0,1014.0,126.0,181.0,2.844,14.22,1774.0
mario8000@gmail.com_273014246924.fit,cycling,mountain,2024-08-18 10:22:13,26860.71,6113.491,677.0,670.0,152.0,185.0,4.394,14.099,1135.0
mario8000@gmail.com_274549495265.fit,running,generic,2024-08-25 17:59:42,11498.0,3516.045,29.0,29.0,157.0,185.0,,,830.0
mario8000@gmail.com_274736179813.fit,cycling,indoor_cycling,2024-08-26 15:48:49,0.0,3600.342,,,140.0,164.0,,,717.0
mario8000@gmail.com_275192830673.fit,running,generic,2024-08-28 19:02:40,7568.69,2844.078,20.0,18.0,140.0,162.0,,,574.0
mario8000@gmail.com_276000377602.fit,cycling,generic,2024-08-31 11:43:05,15633.75,5862.422,65.0,64.0,88.0,131.0,,,387.0
mario8000@gmail.com_276000937293.fit,cycling,generic,2024-08-31 14:48:34,9229.27,5296.861,62.0,63.0,96.0,143.0,,,427.0
mario8000@gmail.com_276015661619.fit,cycling,mountain,2024-09-01 07:45:41,61965.21,24327.576,1585.0,1561.0,130.0,178.0,2.547,15.573,2956.0
mario8000@gmail.com_276215464643.fit,alpine_skiing,generic,2024-09-02 07:36:16,64381.18,22547.741,4386.0,4437.0,99.0,169.0,,,1858.0
mario8000@gmail.com_276389218162.fit,hiking,generic,2024-09-03 11:36:53,1458.22,3557.745,87.0,224.0,82.0,132.0,,,207.0
mario8000@gmail.com_276630231213.fit,cycling,mountain,2024-09-04 09:37:38,41877.21,21167.836,1565.0,1565.0,123.0,182.0,1.978,14.929,2264.0
mario8000@gmail.com_276878268548.fit,hiking,generic,2024-09-05 09:27:04,16046.92,26675.666,1031.0,1042.0,92.0,146.0,,,1871.0
mario8000@gmail.com_277270967976.fit,cycling,mountain,2024-09-07 09:06:15,45757.34,23136.111,2232.0,2204.0,137.0,185.0,1.978,19.109,3145.0
mario8000@gmail.com_277926837145.fit,cycling,mountain,2024-09-10 15:54:12,28693.17,5047.292,81.0,80.0,128.0,174.0,5.685,10.74,684.0
mario8000@gmail.com_278153394129.fit,cycling,indoor_cycling,2024-09-11 17:44:56,0.0,2406.173,,,137.0,163.0,,,446.0
mario8000@gmail.com_278372420485.fit,cycling,indoor_cycling,2024-09-12 18:00:50,0.0,3633.332,,,129.0,144.0,,,563.0
mario8000@gmail.com_279038748447.fit,running,generic,2024-09-15 17:02:08,7071.75,2495.008,20.0,16.0,149.0,165.0,,,541.0
mario8000@gmail.com_279212521239.fit,cycling,indoor_cycling,2024-09-16 16:45:21,0.0,3653.903,,,152.0,175.0,,,794.0
mario8000@gmail.com_279427617054.fit,cycling,mountain,2024-09-17 15:44:15,26486.66,5940.637,83.0,89.0,101.0,159.0,4.459,10.572,439.0
mario8000@gmail.com_279863608710.fit,cycling,indoor_cycling,2024-09-19 16:46:11,0.0,2713.055,,,152.0,178.0,,,594.0
mario8000@gmail.com_280253876116.fit,cycling,mountain,2024-09-21 10:05:32,44316.41,10817.817,1028.0,1011.0,151.0,187.0,4.097,15.405,1847.0
mario8000@gmail.com_280502123933.fit,cycling,generic,2024-09-22 15:39:33,5329.7,808.883,9.0,374.0,94.0,129.0,,,68.0
mario8000@gmail.com_280729500231.fit,cycling,mountain,2024-09-23 15:24:32,25503.73,7755.262,661.0,663.0,135.0,190.0,3.289,14.425,1084.0
mario8000@gmail.com_281166644811.fit,cycling,indoor_cycling,2024-09-25 17:20:10,0.0,3010.515,,,123.0,138.0,,,428.0
mario8000@gmail.com_282619146234.fit,cycling,indoor_cycling,2024-10-01 16:13:58,0.0,3600.353,,,138.0,169.0,,,652.0
mario8000@gmail.com_282640800029.fit,cycling,indoor_cycling,2024-10-02 16:03:06,0.0,3647.32,,,143.0,162.0,,,703.0
mario8000@gmail.com_282862272793.fit,running,generic,2024-10-03 17:07:10,10763.08,3300.61,31.0,28.0,160.0,179.0,,,784.0
mario8000@gmail.com_283075951764.fit,cycling,indoor_cycling,2024-10-04 17:56:12,0.0,1977.77,,,125.0,137.0,,,305.0
mario8000@gmail.com_283469591538.fit,cycling,mountain,2024-10-06 09:28:45,47238.21,15475.794,1314.0,1301.0,141.0,183.0,3.052,13.362,2131.0
mario8000@gmail.com_283707594973.fit,cycling,mountain,2024-10-07 14:10:21,27764.12,8982.334,784.0,783.0,143.0,179.0,3.091,15.358,1270.0
mario8000@gmail.com_284730072311.fit,cycling,mountain,2024-10-12 11:01:23,24456.51,7514.254,471.0,460.0,133.0,179.0,3.255,10.805,1008.0
mario8000@gmail.com_284947500210.fit,cycling,mountain,2024-10-13 08:14:28,6367.66,2857.936,166.0,211.0,137.0,175.0,2.228,8.304,453.0
mario8000@gmail.com_284947525911.fit,cycling,mountain,2024-10-13 09:04:39,33448.9,7463.835,566.0,443.0,179.0,194.0,4.481,13.502,1930.0
mario8000@gmail.com_285640702475.fit,cycling,indoor_cycling,2024-10-16 18:04:22,0.0,3002.827,,,131.0,147.0,,,462.0
mario8000@gmail.com_286205706366.fit,cycling,mountain,2024-10-19 10:02:58,20362.44,6429.102,573.0,570.0,151.0,187.0,3.167,12.923,1119.0
mario8000@gmail.com_286460061584.fit,cycling,mountain,2024-10-20 09:27:31,47608.15,21608.946,1017.0,1003.0,107.0,172.0,2.203,12.643,1857.0
mario8000@gmail.com_286896008521.fit,running,generic,2024-10-22 15:25:49,11025.8,3297.277,26.0,29.0,164.0,188.0,,,798.0
mario8000@gmail.com_288193412444.fit,training,strength_training,2024-10-25 12:31:14,0.0,4965.171,,,107.0,218.0,,,464.0
mario8000@gmail.com_288201593768.fit,running,treadmill,2024-10-23 15:39:24,4120.0,1804.666,,,125.0,141.0,,,277.0
mario8000@gmail.com_288201609796.fit,running,treadmill,2024-10-28 16:58:25,7158.19,2539.632,,,127.0,138.0,,,387.0
mario8000@gmail.com_288636677551.fit,cycling,indoor_cycling,2024-10-30 17:22:13,0.0,3622.862,,,130.0,148.0,,,534.0
mario8000@gmail.com_288860048146.fit,running,treadmill,2024-10-31 18:58:15,10268.99,3599.955,,,131.0,151.0,,,557.0
mario8000@gmail.com_289250582822.fit,cycling,generic,2024-11-02 13:10:19,38139.54,8649.635,81.0,90.0,99.0,151.0,,,675.0
mario8000@gmail.com_289698109586.fit,running,treadmill,2024-11-04 16:44:42,10314.3,3615.88,,,135.0,148.0,,,609.0
mario8000@gmail.com_290142287695.fit,cycling,indoor_cycling,2024-11-06 16:38:24,0.0,3601.331,,,139.0,159.0,,,625.0
mario8000@gmail.com_290328272356.fit,running,treadmill,2024-11-07 16:19:53,10064.89,3039.528,,,153.0,185.0,,,571.0
mario8000@gmail.com_290736611002.fit,cycling,mountain,2024-11-09 13:54:57,28301.56,7651.039,754.0,751.0,155.0,184.0,3.699,11.561,1331.0
mario8000@gmail.com_305402696061.fit,swimming,lap_swimming,2025-01-08 18:30:45,800.0,1546.378,,,134.0,156.0,,,264.0
mario8000@gmail.com_308687609818.fit,running,generic,2025-01-31 17:45:59,11258.88,3884.659,34.0,34.0,152.0,166.0,,,835.0
mario8000@gmail.com_311682414231.fit,swimming,lap_swimming,2025-02-13 17:43:23,1750.0,2797.085,,,139.0,156.0,,,466.0
mario8000@gmail.com_315813864366.fit,cycling,generic,2025-03-03 15:09:54,25093.8,5252.132,74.0,71.0,138.0,186.0,,,812.0
mario8000@gmail.com_316082523434.fit,cycling,indoor_cycling,2025-03-04 19:00:45,0.0,2983.458,,,140.0,169.0,,,515.0
mario8000@gmail.com_316523321142.fit,cycling,mountain,2025-03-06 14:31:39,28006.38,9661.226,769.0,764.0,150.0,181.0,2.899,12.503,1504.0
mario8000@gmail.com_316757456196.fit,cycling,mountain,2025-03-07 14:45:21,26497.4,9296.331,769.0,753.0,147.0,181.0,2.85,11.887,1431.0
mario8000@gmail.com_316927472806.fit,cycling,mountain,2025-03-08 08:05:26,40306.22,11659.293,1043.0,1003.0,143.0,179.0,3.457,12.456,1721.0
mario8000@gmail.com_317472754057.fit,cycling,generic,2025-03-10 15:31:08,36980.29,5145.414,124.0,122.0,138.0,170.0,,,812.0
mario8000@gmail.com_317948652019.fit,cycling,generic,2025-03-12 15:25:06,40456.28,5736.039,141.0,142.0,146.0,180.0,,,1041.0
mario8000@gmail.com_318824602815.fit,cycling,generic,2025-03-16 10:42:12,7608.55,3425.947,65.0,85.0,117.0,170.0,,,387.0
mario8000@gmail.com_319352649337.fit,cycling,mountain,2025-03-18 16:53:07,18348.32,3814.274,71.0,77.0,123.0,170.0,4.81,10.749,447.0
mario8000@gmail.com_319616539423.fit,cycling,indoor_cycling,2025-03-19 18:40:53,0.0,3610.899,,,132.0,149.0,,,545.0
mario8000@gmail.com_319832169980.fit,cycling,generic,2025-03-20 15:55:10,48466.37,5569.62,157.0,157.0,163.0,185.0,,,1203.0
mario8000@gmail.com_320308665529.fit,cycling,mountain,2025-03-22 14:06:54,29091.69,11410.287,918.0,902.0,144.0,184.0,2.55,14.509,1693.0
mario8000@gmail.com_323258198066.fit,running,generic,2025-04-03 19:48:26,5551.85,1421.135,9.0,8.0,169.0,187.0,,,349.0
mario8000@gmail.com_323258207065.fit,running,generic,2025-04-03 20:16:35,2028.18,650.993,1.0,4.0,155.0,163.0,,,150.0
mario8000@gmail.com_324447153885.fit,cycling,mountain,2025-04-08 15:18:18,30123.92,7226.82,113.0,113.0,111.0,169.0,4.168,9.919,640.0
mario8000@gmail.com_325424565613.fit,cycling,mountain,2025-04-12 12:54:55,57785.4,16100.074,1319.0,1292.0,142.0,183.0,3.589,14.593,2233.0
mario8000@gmail.com_325596191906.fit,cycling,mountain,2025-04-13 08:15:07,39226.64,9916.357,842.0,819.0,154.0,179.0,3.956,12.279,1701.0
mario8000@gmail.com_326405526415.fit,running,generic,2025-04-16 18:33:55,6117.34,1995.434,15.0,20.0,153.0,181.0,,,445.0
mario8000@gmail.com_326642275408.fit,cycling,mountain,2025-04-17 16:24:19,51160.33,8784.387,162.0,163.0,138.0,178.0,5.824,10.833,1262.0
mario8000@gmail.com_327079071116.fit,cycling,mountain,2025-04-19 11:58:08,34419.65,8354.958,731.0,714.0,145.0,187.0,4.12,12.111,1368.0
mario8000@gmail.com_327342067171.fit,cycling,mountain,2025-04-20 13:32:20,37374.08,9654.075,528.0,516.0,121.0,178.0,3.871,12.886,1029.0
mario8000@gmail.com_327620010035.fit,cycling,mountain,2025-04-21 11:56:13,46255.84,18052.405,1120.0,1113.0,123.0,181.0,2.562,12.96,1930.0
mario8000@gmail.com_328093167629.fit,cycling,mountain,2025-04-23 16:29:53,34119.6,5446.959,96.0,86.0,131.0,159.0,6.264,8.5,733.0
mario8000@gmail.com_328571569594.fit,cycling,mountain,2025-04-25 16:45:23,11998.75,3265.375,103.0,111.0,123.0,158.0,3.675,9.881,406.0
mario8000@gmail.com_328718182589.fit,cycling,mountain,2025-04-26 08:01:52,5584.87,1787.572,42.0,32.0,135.0,174.0,3.124,7.418,291.0
mario8000@gmail.com_328755505370.fit,cycling,mountain,2025-04-26 09:06:11,57600.45,10086.655,370.0,357.0,177.0,189.0,5.711,11.094,2597.0
mario8000@gmail.com_329320833531.fit,cycling,mountain,2025-04-28 15:39:26,48814.01,7861.143,213.0,183.0,133.0,174.0,6.21,11.15,1063.0
mario8000@gmail.com_329565421398.fit,cycling,mountain,2025-04-29 14:14:37,62921.31,11230.514,348.0,312.0,134.0,171.0,5.603,10.516,1486.0
mario8000@gmail.com_330347528756.fit,cycling,mountain,2025-05-02 15:38:43,38888.2,11130.467,788.0,761.0,135.0,181.0,3.494,14.659,1444.0
mario8000@gmail.com_330562540051.fit,cycling,mountain,2025-05-03 10:02:16,64782.14,23282.213,1505.0,1473.0,126.0,179.0,2.782,11.981,2560.0
mario8000@gmail.com_330831161020.fit,cycling,mountain,2025-05-04 16:21:45,28835.47,7593.98,458.0,469.0,132.0,182.0,3.797,11.467,969.0
mario8000@gmail.com_331541709789.fit,cycling,mountain,2025-05-07 15:17:58,22359.68,3574.85,111.0,84.0,137.0,175.0,6.255,9.443,573.0
mario8000@gmail.com_332064181981.fit,cycling,mountain,2025-05-09 14:51:41,29091.31,5110.252,127.0,114.0,135.0,170.0,5.693,9.611,741.0
mario8000@gmail.com_332238064946.fit,cycling,mountain,2025-05-10 08:53:31,44367.18,11264.263,1245.0,1152.0,171.0,187.0,3.939,12.531,2601.0
mario8000@gmail.com_332561730880.fit,cycling,mountain,2025-05-11 15:24:19,50754.81,10109.478,261.0,249.0,144.0,175.0,5.021,9.135,1501.0
mario8000@gmail.com_333064694467.fit,cycling,mountain,2025-05-13 16:00:34,36417.68,8473.656,133.0,108.0,98.0,158.0,4.298,8.752,564.0
mario8000@gmail.com_333325828951.fit,running,generic,2025-05-14 17:57:31,9406.99,2999.41,14.0,13.0,152.0,189.0,,,667.0
mario8000@gmail.com_333749456370.fit,cycling,indoor_cycling,2025-05-15 18:40:23,0.0,2476.943,,,129.0,167.0,,,397.0
mario8000@gmail.com_334060543428.fit,cycling,indoor_cycling,2025-05-17 15:54:56,0.0,3602.292,,,137.0,173.0,,,626.0
mario8000@gmail.com_334847516617.fit,cycling,mountain,2025-05-20 15:25:02,52848.01,11319.071,259.0,235.0,136.0,182.0,4.669,10.394,1414.0
mario8000@gmail.com_335009125983.fit,cycling,mountain,2022-12-23 14:20:42,0.0,9.119,0.0,0.0,,,0.0,,0.0
mario8000@gmail.com_335009126615.fit,cycling,mountain,2022-12-26 15:27:31,112.33,119.645,0.0,3.0,,,0.939,2.557,1.0
mario8000@gmail.com_335009127213.fit,cycling,mountain,2022-12-29 02:43:05,0.0,1.956,0.0,0.0,,,0.0,,0.0
mario8000@gmail.com_335009127771.fit,cycling,mountain,2022-12-29 02:43:56,0.0,117.325,0.0,0.0,,,0.0,,0.0
mario8000@gmail.com_335009128321.fit,cycling,mountain,2022-12-29 02:46:11,0.0,2.262,0.0,0.0,,,0.0,,0.0
mario8000@gmail.com_335009128887.fit,cycling,mountain,2023-03-31 20:11:00,8250.99,1780.58,23.0,22.0,,,4.634,9.303,224.0
mario8000@gmail.com_335009132030.fit,cycling,mountain,2023-04-08 14:09:34,20864.05,5700.587,529.0,538.0,,,3.66,14.77,886.0
mario8000@gmail.com_335009134549.fit,cycling,mountain,2023-04-09 13:44:51,23566.02,8515.855,576.0,575.0,,,2.767,11.122,936.0
mario8000@gmail.com_335009137633.fit,cycling,mountain,2023-04-16 14:09:50,18245.49,9878.553,665.0,412.0,,,1.847,8.37,812.0
mario8000@gmail.com_335009138534.fit,cycling,mountain,2023-04-22 09:27:21,0.39,59.265,0.0,0.0,,,0.007,0.0,0.0
mario8000@gmail.com_335009139324.fit,cycling,mountain,2023-04-22 09:29:15,4186.84,1825.641,134.0,45.0,,,2.293,10.366,202.0
mario8000@gmail.com_335009139997.fit,cycling,mountain,2023-04-22 09:59:57,0.0,1.378,0.0,0.0,,,0.0,0.0,0.0
mario8000@gmail.com_335009144641.fit,cycling,mountain,2023-04-22 10:05:10,48460.15,21237.522,1031.0,1093.0,,,2.282,12.82,1837.0
mario8000@gmail.com_335009146598.fit,cycling,mountain,2023-04-27 16:42:48,23763.72,6479.148,68.0,62.0,,,3.668,8.892,529.0
mario8000@gmail.com_335009147615.fit,cycling,mountain,2023-04-29 16:27:17,6926.23,2560.672,195.0,129.0,,,2.705,8.668,280.0
mario8000@gmail.com_335009148267.fit,cycling,mountain,2023-04-30 07:51:19,1612.66,532.438,39.0,33.0,,,3.029,10.926,67.0
mario8000@gmail.com_335009151400.fit,cycling,mountain,2023-04-30 08:50:52,36026.09,10010.822,1169.0,1166.0,,,3.599,13.53,1697.0
mario8000@gmail.com_335009154115.fit,cycling,mountain,2023-05-03 07:48:42,37497.35,7857.918,123.0,124.0,,,4.772,10.142,943.0
mario8000@gmail.com_335009155069.fit,cycling,mountain,2023-05-03 17:18:54,10321.33,2107.038,32.0,31.0,,,4.899,8.267,266.0
mario8000@gmail.com_335009156680.fit,cycling,mountain,2023-05-05 14:33:29,34746.15,9228.899,130.0,124.0,,,3.765,9.844,880.0
mario8000@gmail.com_335009157943.fit,cycling,mountain,2023-05-14 13:15:02,26173.69,5205.968,70.0,61.0,,,5.028,9.993,679.0
mario8000@gmail.com_335009159930.fit,cycling,mountain,2023-05-18 14:04:47,29035.51,7314.742,100.0,100.0,,,3.969,9.909,723.0
mario8000@gmail.com_335009164744.fit,cycling,mountain,2023-05-20 09:23:27,65219.37,24117.679,1301.0,1280.0,,,2.704,14.705,2443.0
mario8000@gmail.com_335009167772.fit,cycling,mountain,2023-05-27 08:56:24,26649.98,7420.667,82.0,75.0,,,3.591,9.032,570.0
mario8000@gmail.com_335009168918.fit,cycling,mountain,2023-05-27 19:06:57,15048.98,3977.681,49.0,51.0,,,3.783,8.715,398.0
mario8000@gmail.com_335009171595.fit,cycling,mountain,2023-05-31 15:26:27,31026.57,11030.858,881.0,873.0,,,2.813,12.083,1364.0
mario8000@gmail.com_335009174423.fit,cycling,mountain,2023-06-01 16:36:19,33155.17,8742.701,616.0,614.0,,,3.792,14.631,1209.0
mario8000@gmail.com_335009175859.fit,cycling,mountain,2023-06-04 16:53:35,23736.04,5213.337,62.0,56.0,,,4.553,9.256,584.0
mario8000@gmail.com_335009177134.fit,cycling,mountain,2023-06-18 13:11:25,26158.92,5671.061,69.0,56.0,,,4.613,8.36,661.0
mario8000@gmail.com_335009178473.fit,cycling,mountain,2023-06-20 15:36:14,21667.66,3861.738,87.0,85.0,,,5.611,11.943,562.0
mario8000@gmail.com_335009182884.fit,cycling,mountain,2023-07-15 10:24:07,45802.62,20341.415,1508.0,1497.0,,,2.252,14.257,2192.0
mario8000@gmail.com_335009187163.fit,cycling,mountain,2023-08-10 14:16:49,37841.86,10333.665,877.0,888.0,,,3.662,12.195,1518.0
mario8000@gmail.com_335009189126.fit,cycling,mountain,2023-08-12 06:38:36,26638.36,6648.771,468.0,463.0,,,4.007,11.682,936.0
mario8000@gmail.com_335351760258.fit,cycling,mountain,2025-05-22 17:14:00,51567.11,7858.372,155.0,174.0,146.0,184.0,6.562,10.348,1290.0
mario8000@gmail.com_335854969219.fit,cycling,mountain,2025-05-24 09:03:56,46318.52,9831.932,1141.0,1138.0,176.0,187.0,4.711,12.419,2530.0
mario8000@gmail.com_335854975670.fit,cycling,mountain,2025-05-24 12:03:42,7433.86,2561.783,199.0,60.0,132.0,155.0,2.902,9.06,409.0
mario8000@gmail.com_336139651447.fit,cycling,mountain,2025-05-25 13:31:15,48770.1,17164.709,1112.0,1116.0,114.0,163.0,2.841,13.24,1773.0
mario8000@gmail.com_337426806010.fit,cycling,mountain,2025-05-30 12:45:17,60758.99,19443.604,1872.0,1849.0,127.0,181.0,3.125,15.041,2474.0
mario8000@gmail.com_337676841574.fit,cycling,mountain,2025-05-31 11:43:27,57448.21,19053.822,992.0,837.0,117.0,181.0,3.015,10.656,2021.0
mario8000@gmail.com_337895334815.fit,cycling,mountain,2025-06-01 13:14:34,20482.81,9970.798,618.0,583.0,115.0,171.0,2.054,8.351,1023.0
mario8000@gmail.com_338437396390.fit,running,generic,2025-06-03 16:31:52,14082.41,4292.913,20.0,24.0,159.0,184.0,,,1027.0
mario8000@gmail.com_338698685107.fit,cycling,mountain,2025-06-04 16:33:41,22999.12,4210.425,145.0,116.0,108.0,143.0,5.462,8.696,395.0
mario8000@gmail.com_338958203120.fit,cycling,mountain,2025-06-05 15:59:52,41349.42,6499.635,123.0,124.0,133.0,176.0,6.362,9.816,919.0
mario8000@gmail.com_339473442910.fit,cycling,mountain,2025-06-07 12:51:52,53286.66,17399.951,1587.0,1573.0,140.0,189.0,3.062,13.651,2413.0
mario8000@gmail.com_339756229432.fit,cycling,mountain,2025-06-08 12:48:01,30952.51,15899.531,950.0,901.0,117.0,173.0,1.947,13.259,1554.0
mario8000@gmail.com_340242379273.fit,cycling,mountain,2025-06-10 14:58:09,35875.27,5875.63,119.0,99.0,129.0,151.0,6.106,8.734,756.0
mario8000@gmail.com_340759532468.fit,cycling,mountain,2025-06-12 14:06:06,35385.26,5524.826,161.0,121.0,134.0,177.0,6.405,10.749,826.0
mario8000@gmail.com_341037351305.fit,cycling,mountain,2025-06-13 16:24:28,12581.18,3285.173,213.0,215.0,128.0,172.0,3.83,10.45,462.0
mario8000@gmail.com_341236220457.fit,cycling,mountain,2025-06-14 09:01:02,47495.6,9293.457,1067.0,1045.0,178.0,192.0,5.111,12.951,2426.0
mario8000@gmail.com_341551952890.fit,cycling,generic,2025-06-15 12:06:02,6501.76,958.106,16.0,343.0,138.0,182.0,,,183.0
mario8000@gmail.com_341551963441.fit,cycling,generic,2025-06-15 14:21:12,590.26,132.892,0.0,62.0,139.0,144.0,,,28.0
mario8000@gmail.com_342369035509.fit,cycling,mountain,2025-06-18 15:22:43,57604.78,10734.267,333.0,320.0,122.0,179.0,5.366,9.788,1168.0
mario8000@gmail.com_342614356069.fit,hiking,generic,2025-06-19 14:32:26,9893.53,9521.886,255.0,250.0,82.0,126.0,,,514.0
mario8000@gmail.com_342875960053.fit,hiking,generic,2025-06-20 14:55:46,8400.79,8794.448,320.0,329.0,86.0,128.0,,,528.0
mario8000@gmail.com_343132525930.fit,cycling,mountain,2025-06-21 11:36:34,41843.61,16889.095,1445.0,1395.0,119.0,180.0,2.478,18.484,1865.0
mario8000@gmail.com_343391562802.fit,cycling,mountain,2025-06-22 10:29:07,59652.28,20813.073,1255.0,1232.0,118.0,186.0,2.866,12.326,2065.0
mario8000@gmail.com_344470942943.fit,cycling,mountain,2025-06-26 17:29:53,43181.85,7479.746,169.0,159.0,121.0,147.0,5.773,8.92,850.0
mario8000@gmail.com_344710148224.fit,cycling,mountain,2025-05-25 13:26:24,0.07,49.094,0.0,0.0,,,0.001,0.0,0.0
mario8000@gmail.com_344963583626.fit,cycling,mountain,2025-06-28 16:12:38,9850.52,4638.142,109.0,69.0,97.0,131.0,2.124,6.774,312.0
mario8000@gmail.com_345275145733.fit,cycling,mountain,2025-06-29 09:32:06,55905.01,29146.641,1881.0,2290.0,127.0,176.0,1.918,18.587,3218.0
mario8000@gmail.com_345497203124.fit,cycling,mountain,2025-06-30 10:18:43,56070.82,22438.094,2178.0,2125.0,127.0,183.0,2.499,13.539,2792.0
mario8000@gmail.com_345760380397.fit,cycling,mountain,2025-07-01 10:16:31,28586.18,13685.133,1224.0,1195.0,125.0,175.0,2.089,18.671,1606.0
mario8000@gmail.com_345966199177.fit,hiking,generic,2025-07-02 10:33:44,6702.91,11076.361,573.0,564.0,95.0,144.0,,,863.0
mario8000@gmail.com_346297494518.fit,cycling,mountain,2025-07-03 09:30:26,38407.51,21393.796,1403.0,1377.0,120.0,178.0,1.795,12.345,2106.0
mario8000@gmail.com_346549692150.fit,cycling,mountain,2025-07-04 10:45:44,28881.26,19025.39,1552.0,1507.0,120.0,175.0,1.518,16.665,2013.0
mario8000@gmail.com_346823951425.fit,cycling,mountain,2025-07-05 10:34:58,69918.89,28034.038,2281.0,2237.0,127.0,179.0,2.494,19.492,3497.0
mario8000@gmail.com_347844946296.fit,running,generic,2025-07-09 16:58:15,10217.89,3622.713,234.0,218.0,146.0,166.0,,,789.0
mario8000@gmail.com_348540969660.fit,cycling,mountain,2025-07-12 09:25:08,17683.51,2884.869,67.0,64.0,,,6.13,12.149,521.0
mario8000@gmail.com_349172778135.fit,cycling,mountain,2025-07-14 16:07:42,18903.65,6948.522,685.0,687.0,142.0,184.0,2.721,11.225,1133.0
mario8000@gmail.com_349429400510.fit,cycling,mountain,2025-07-15 15:20:50,26297.71,8450.346,474.0,262.0,137.0,192.0,3.112,13.418,1194.0
mario8000@gmail.com_349697306273.fit,cycling,mountain,2025-07-16 15:53:14,24898.07,6851.297,535.0,522.0,133.0,175.0,3.634,10.861,1014.0
mario8000@gmail.com_350468942421.fit,cycling,mountain,2025-07-19 11:48:19,33919.66,15209.966,1061.0,1019.0,125.0,184.0,2.23,13.66,1729.0
mario8000@gmail.com_350723992361.fit,cycling,generic,2025-07-20 14:58:36,7041.22,1020.226,13.0,373.0,109.0,136.0,,,125.0
mario8000@gmail.com_351026843837.fit,running,generic,2025-07-21 17:17:13,15517.82,4895.204,92.0,98.0,156.0,177.0,,,1150.0
mario8000@gmail.com_351554085189.fit,cycling,mountain,2025-07-23 15:19:10,55998.87,10032.425,326.0,289.0,130.0,182.0,5.582,11.831,1283.0
mario8000@gmail.com_351815799342.fit,running,generic,2025-07-24 17:01:10,8173.8,2542.312,26.0,26.0,152.0,167.0,,,588.0
mario8000@gmail.com_352336325705.fit,cycling,mountain,2025-07-26 12:16:51,63115.6,19405.409,1513.0,1492.0,129.0,174.0,3.252,11.635,2304.0
mario8000@gmail.com_352870095391.fit,running,generic,2025-07-28 15:52:29,21344.17,6242.565,48.0,45.0,165.0,178.0,,,1537.0
mario8000@gmail.com_353410735906.fit,cycling,mountain,2025-07-30 14:55:55,30061.28,5694.941,106.0,101.0,110.0,148.0,5.279,9.583,541.0
mario8000@gmail.com_354176442654.fit,cycling,mountain,2025-08-02 09:56:56,46591.7,17207.022,882.0,871.0,112.0,173.0,2.708,13.548,1601.0
mario8000@gmail.com_354473371510.fit,cycling,generic,2025-08-03 15:59:56,6316.67,1143.877,13.0,341.0,107.0,135.0,,,133.0
mario8000@gmail.com_355299945351.fit,running,generic,2025-08-06 16:10:20,6006.47,2619.78,13.0,6.0,127.0,175.0,,,423.0
mario8000@gmail.com_355561189472.fit,running,generic,2025-08-07 16:07:27,8217.24,2615.298,21.0,21.0,158.0,181.0,,,606.0
mario8000@gmail.com_356108837205.fit,cycling,mountain,2025-08-09 11:56:50,54581.98,19383.318,1444.0,1420.0,127.0,187.0,2.816,13.837,2202.0
mario8000@gmail.com_356666990283.fit,running,generic,2025-08-11 17:56:54,10044.87,2810.87,1.0,2.0,165.0,189.0,,,697.0
mario8000@gmail.com_356902917433.fit,cycling,mountain,2025-08-12 12:55:44,35830.45,9227.854,705.0,692.0,141.0,192.0,3.883,12.886,1345.0
mario8000@gmail.com_358243271770.fit,cycling,mountain,2025-08-17 09:02:04,65912.96,20630.886,1223.0,1211.0,115.0,173.0,3.195,13.996,2070.0
mario8000@gmail.com_358544609315.fit,running,generic,2025-08-18 16:13:38,17067.78,5142.839,39.0,43.0,157.0,170.0,,,1209.0
mario8000@gmail.com_359391453167.fit,running,generic,2025-08-21 19:10:56,7719.17,2859.153,21.0,17.0,132.0,144.0,,,559.0
mario8000@gmail.com_359647282517.fit,running,generic,2025-08-22 17:17:41,7952.86,2575.531,27.0,26.0,148.0,163.0,,,578.0
mario8000@gmail.com_359863383208.fit,running,generic,2025-08-23 12:01:18,9561.41,2747.601,44.0,43.0,164.0,189.0,,,689.0
mario8000@gmail.com_360473519007.fit,hiking,generic,2025-08-25 09:38:53,20557.67,23003.304,671.0,695.0,98.0,147.0,,,1789.0
mario8000@gmail.com_360746468588.fit,cycling,generic,2025-08-26 09:27:41,34052.06,16171.204,1705.0,772.0,100.0,156.0,,,1381.0
mario8000@gmail.com_361054267687.fit,hiking,generic,2025-08-27 12:01:30,12089.74,13749.167,407.0,404.0,88.0,134.0,,,879.0
mario8000@gmail.com_362339673198.fit,running,track,2025-09-01 14:01:53,10020.0,3066.916,16.0,14.0,162.0,181.0,,,740.0
mario8000@gmail.com_362915363114.fit,running,generic,2025-09-03 15:18:23,17234.25,5586.175,172.0,167.0,158.0,179.0,,,1293.0
mario8000@gmail.com_363194718429.fit,cycling,mountain,2025-09-04 15:56:04,34561.65,5976.823,137.0,119.0,132.0,168.0,5.783,9.732,858.0
mario8000@gmail.com_363756660744.fit,cycling,mountain,2025-09-06 09:02:44,30269.49,6912.928,431.0,247.0,176.0,189.0,4.379,12.979,1732.0
mario8000@gmail.com_363968026704.fit,running,generic,2025-09-07 11:24:40,3497.79,1219.451,37.0,33.0,143.0,160.0,,,257.0
mario8000@gmail.com_364298996825.fit,running,generic,2025-09-08 16:25:09,11151.49,3348.074,66.0,65.0,161.0,189.0,,,813.0
mario8000@gmail.com_364573460269.fit,cycling,mountain,2025-09-09 16:12:58,32145.09,5994.738,95.0,79.0,110.0,135.0,5.362,9.788,535.0
mario8000@gmail.com_364844411647.fit,running,generic,2025-09-10 16:13:02,11019.42,4262.211,65.0,61.0,138.0,150.0,,,807.0
mario8000@gmail.com_365112116421.fit,running,generic,2025-09-11 16:23:11,6849.81,2290.846,48.0,47.0,149.0,166.0,,,501.0
mario8000@gmail.com_365657833673.fit,cycling,mountain,2025-09-13 10:55:11,53380.61,17446.204,1077.0,1059.0,121.0,169.0,3.06,14.024,1876.0
mario8000@gmail.com_366209568614.fit,running,generic,2025-09-15 14:46:14,22059.54,6524.386,84.0,83.0,161.0,177.0,,,1561.0
mario8000@gmail.com_366753382151.fit,running,generic,2025-09-17 14:55:58,7028.8,2352.97,64.0,56.0,145.0,157.0,,,510.0
mario8000@gmail.com_367340241011.fit,running,generic,2025-09-19 17:37:47,6122.59,1985.34,38.0,38.0,148.0,179.0,,,438.0
mario8000@gmail.com_367780782920.fit,running,generic,2025-09-21 09:01:47,5005.09,1247.213,54.0,60.0,186.0,193.0,,,364.0
mario8000@gmail.com_367847486708.fit,cycling,mountain,2025-09-21 11:04:12,40307.95,13179.758,1120.0,1115.0,139.0,180.0,3.058,14.808,1822.0
mario8000@gmail.com_368681173405.fit,running,generic,2025-09-24 15:11:58,11096.97,4363.894,68.0,68.0,138.0,159.0,,,842.0
mario8000@gmail.com_369394468600.fit,running,generic,2025-09-27 08:25:41,2234.61,773.775,13.0,15.0,138.0,152.0,,,160.0
mario8000@gmail.com_369696721111.fit,running,generic,2025-09-28 07:01:54,42648.69,12702.873,151.0,153.0,167.0,185.0,,,3093.0
mario8000@gmail.com_370582580034.fit,running,generic,2025-10-01 15:40:14,5558.46,1635.507,30.0,20.0,164.0,180.0,,,404.0
mario8000@gmail.com_370862253434.fit,cycling,mountain,2025-10-02 15:56:43,18109.0,3314.716,53.0,78.0,113.0,143.0,5.463,8.174,353.0
mario8000@gmail.com_371416687698.fit,running,generic,2025-10-04 17:50:42,6564.33,2018.109,123.0,126.0,165.0,185.0,,,497.0
mario8000@gmail.com_371934575344.fit,running,generic,2025-10-06 15:20:12,10852.99,3375.562,19.0,17.0,157.0,179.0,,,768.0
mario8000@gmail.com_372490970147.fit,running,generic,2025-10-08 15:46:13,11316.5,3332.048,42.0,41.0,165.0,175.0,,,821.0
mario8000@gmail.com_373601084182.fit,cycling,mountain,2025-10-12 11:19:29,33881.11,11145.417,996.0,967.0,143.0,182.0,3.04,11.085,1653.0
mario8000@gmail.com_373844854437.fit,running,generic,2025-10-13 15:49:33,11086.97,3493.627,33.0,33.0,151.0,165.0,,,793.0
mario8000@gmail.com_375257118172.fit,running,generic,2025-10-18 17:20:09,4845.38,1758.388,127.0,128.0,151.0,167.0,,,391.0
mario8000@gmail.com_375460683875.fit,cycling,mountain,2025-10-19 11:20:19,41498.9,15004.001,1423.0,1389.0,128.0,170.0,2.766,14.985,1888.0
mario8000@gmail.com_376256918089.fit,running,generic,2025-10-22 14:08:18,7884.94,3612.501,343.0,343.0,150.0,183.0,,,696.0
mario8000@gmail.com_378695408965.fit,running,treadmill,2025-10-28 15:22:20,5349.36,1279.536,,,176.0,190.0,,,347.0
mario8000@gmail.com_378695443378.fit,running,generic,2025-10-31 17:46:27,7606.81,2846.914,256.0,266.0,154.0,185.0,,,630.0
mario8000@gmail.com_378878635051.fit,cycling,mountain,2025-11-01 10:40:18,4164.41,1846.507,130.0,82.0,135.0,170.0,2.255,10.273,305.0
mario8000@gmail.com_378978175862.fit,running,generic,2025-11-01 17:53:29,15058.64,5928.965,409.0,417.0,151.0,176.0,,,1185.0
mario8000@gmail.com_379190668134.fit,running,generic,2025-11-02 12:06:38,5204.02,3415.152,289.0,288.0,140.0,173.0,,,612.0
mario8000@gmail.com_380074794563.fit,running,generic,2025-11-05 16:14:02,12092.84,4075.742,52.0,52.0,148.0,180.0,,,842.0
mario8000@gmail.com_380347872119.fit,running,treadmill,2025-11-06 16:55:40,5488.98,1851.147,,,132.0,141.0,,,323.0
mario8000@gmail.com_381132213955.fit,hiking,generic,2025-11-09 09:31:05,14125.38,17016.724,799.0,813.0,95.0,135.0,,,1221.0
mario8000@gmail.com_381636912666.fit,hiking,generic,2025-11-10 10:47:27,9648.11,16684.599,821.0,584.0,96.0,148.0,,,1245.0
mario8000@gmail.com_381688716244.fit,running,generic,2025-11-11 14:14:14,11089.54,3008.26,43.0,44.0,168.0,186.0,,,768.0
mario8000@gmail.com_382256333720.fit,running,generic,2025-11-13 15:46:29,9789.35,3235.731,37.0,42.0,155.0,168.0,,,727.0
mario8000@gmail.com_382545898105.fit,running,generic,2025-11-14 18:23:04,8051.27,2743.767,34.0,34.0,141.0,156.0,,,567.0
mario8000@gmail.com_382846855393.fit,hiking,generic,2025-11-15 12:16:51,13560.62,13460.751,608.0,609.0,96.0,127.0,,,985.0
mario8000@gmail.com_383052348495.fit,running,generic,2025-11-16 14:23:55,8002.21,2962.229,35.0,26.0,153.0,180.0,,,655.0
mario8000@gmail.com_384668334422.fit,running,generic,2025-11-22 18:14:27,18085.28,5364.387,130.0,128.0,166.0,177.0,,,1305.0
mario8000@gmail.com_385740416831.fit,running,generic,2025-11-26 19:28:29,5098.06,1453.842,30.0,27.0,161.0,187.0,,,351.0
mario8000@gmail.com_387067504387.fit,running,generic,2025-12-01 20:04:12,7561.18,2141.789,31.0,33.0,157.0,182.0,,,515.0
mario8000@gmail.com_388905297957.fit,running,generic,2025-12-08 16:25:54,21577.48,6087.724,44.0,51.0,165.0,176.0,,,1509.0
mario8000@gmail.com_389453000819.fit,running,generic,2025-12-10 19:08:20,5154.04,1714.697,8.0,7.0,143.0,151.0,,,371.0
mario8000@gmail.com_389696875225.fit,running,generic,2025-12-11 16:31:39,11126.28,3770.093,46.0,36.0,145.0,156.0,,,797.0
mario8000@gmail.com_391035166062.fit,hiking,generic,2025-12-16 11:23:18,8696.99,8038.537,204.0,223.0,93.0,129.0,,,576.0
mario8000@gmail.com_391035181642.fit,running,generic,2025-12-16 17:49:41,4024.71,1486.075,180.0,186.0,141.0,174.0,,,302.0
mario8000@gmail.com_391285351366.fit,hiking,generic,2025-12-17 10:03:27,16399.78,16665.161,723.0,719.0,92.0,142.0,,,1164.0
mario8000@gmail.com_391936894607.fit,running,generic,2025-12-20 07:12:34,5314.14,1453.197,18.0,14.0,159.0,175.0,,,354.0
mario8000@gmail.com_392332359981.fit,running,generic,2025-12-21 17:40:09,5650.91,1880.443,18.0,18.0,139.0,157.0,,,396.0
mario8000@gmail.com_392865213686.fit,running,generic,2025-12-23 17:49:55,14210.97,3959.973,180.0,181.0,166.0,177.0,,,1001.0
mario8000@gmail.com_393851294367.fit,running,generic,2025-12-27 11:16:28,22826.08,9292.678,856.0,874.0,155.0,178.0,,,1904.0
mario8000@gmail.com_394473234511.fit,running,generic,2025-12-29 19:11:42,5318.21,1555.224,16.0,19.0,157.0,172.0,,,375.0
mario8000@gmail.com_395481562692.fit,running,generic,2026-01-02 09:52:54,17580.05,5979.255,483.0,491.0,168.0,186.0,,,1447.0
mario8000@gmail.com_395869865500.fit,running,generic,2026-01-03 18:49:13,10503.61,3854.529,305.0,302.0,157.0,177.0,,,856.0
mario8000@gmail.com_396444173194.fit,running,generic,2026-01-05 19:35:32,5418.14,1509.263,14.0,15.0,160.0,178.0,,,370.0
mario8000@gmail.com_398847175290.fit,running,generic,2026-01-13 19:15:52,6239.49,1989.999,22.0,22.0,151.0,161.0,,,450.0
mario8000@gmail.com_399144204794.fit,running,generic,2026-01-14 17:56:48,10771.09,3369.605,27.0,30.0,157.0,177.0,,,788.0
mario8000@gmail.com_399966277166.fit,running,generic,2026-01-17 11:01:05,19261.07,5987.708,396.0,392.0,164.0,183.0,,,1421.0
mario8000@gmail.com_400053292478.fit,cross_country_skiing,generic,2026-01-17 18:05:34,1843.08,850.474,51.0,162.0,112.0,141.0,,,93.0
mario8000@gmail.com_400340063657.fit,hiking,generic,2026-01-18 12:02:49,10390.81,11130.012,577.0,422.0,100.0,141.0,,,903.0
mario8000@gmail.com_400952120638.fit,running,generic,2026-01-20 17:37:10,8363.19,2882.974,14.0,10.0,140.0,152.0,,,594.0
mario8000@gmail.com_401274740794.fit,running,generic,2026-01-21 19:24:55,7206.24,2282.733,22.0,23.0,152.0,183.0,,,517.0
mario8000@gmail.com_401566515596.fit,running,generic,2026-01-22 18:37:58,7048.39,2456.578,25.0,26.0,147.0,163.0,,,526.0
mario8000@gmail.com_402150166191.fit,hiking,generic,2026-01-24 10:58:03,13493.78,16212.478,704.0,705.0,107.0,155.0,,,1485.0
mario8000@gmail.com_402464357042.fit,running,generic,2026-01-25 18:59:18,10104.8,2602.091,31.0,42.0,178.0,197.0,,,711.0
mario8000@gmail.com_402467030251.fit,running,generic,2026-01-25 19:46:00,2517.6,822.53,28.0,9.0,164.0,180.0,,,195.0
mario8000@gmail.com_403629214286.fit,running,generic,2026-01-29 17:01:59,6880.9,2315.283,28.0,27.0,149.0,161.0,,,508.0
mario8000@gmail.com_404208359875.fit,running,generic,2026-01-31 18:02:38,19082.86,6060.134,416.0,404.0,161.0,178.0,,,1409.0
mario8000@gmail.com_404466432581.fit,hiking,generic,2026-02-01 11:54:20,12459.87,11436.045,561.0,574.0,104.0,143.0,,,1003.0
mario8000@gmail.com_406581033554.fit,running,generic,2026-02-08 14:26:17,21327.33,6886.441,27.0,27.0,154.0,165.0,,,1546.0
mario8000@gmail.com_408465258833.fit,hiking,generic,2026-02-14 12:52:17,26823.33,17585.704,653.0,974.0,101.0,141.0,,,1425.0
mario8000@gmail.com_408662981869.fit,running,generic,2026-02-15 11:07:31,12308.84,3568.479,105.0,100.0,164.0,182.0,,,878.0
mario8000@gmail.com_409050628049.fit,hiking,generic,2026-02-16 12:10:21,14910.78,13423.069,697.0,704.0,106.0,141.0,,,1191.0
mario8000@gmail.com_410009715142.fit,running,generic,2026-02-19 18:55:53,9061.53,2527.325,25.0,24.0,165.0,181.0,,,630.0
mario8000@gmail.com_410601478330.fit,hiking,generic,2026-02-21 11:47:39,20088.49,16763.111,798.0,801.0,117.0,150.0,,,1736.0
mario8000@gmail.com_410877113396.fit,running,generic,2026-02-22 13:20:19,5625.29,1878.21,14.0,13.0,148.0,166.0,,,416.0
mario8000@gmail.com_411244263425.fit,running,generic,2026-02-23 16:35:39,15019.95,4364.562,38.0,38.0,163.0,185.0,,,1059.0
mario8000@gmail.com_412188340138.fit,running,generic,2026-02-26 15:33:57,10189.47,3355.855,11.0,8.0,147.0,161.0,,,733.0
mario8000@gmail.com_412771462467.fit,hiking,generic,2026-02-28 07:56:39,16167.14,10827.89,922.0,927.0,132.0,173.0,,,1467.0
mario8000@gmail.com_413097151639.fit,running,generic,2026-03-01 10:55:07,13945.96,6492.384,489.0,488.0,142.0,169.0,,,1153.0
mario8000@gmail.com_413801728577.fit,running,generic,2026-03-03 15:51:09,15047.77,4528.913,32.0,39.0,158.0,185.0,,,1064.0
mario8000@gmail.com_414480754381.fit,running,generic,2026-03-05 18:55:03,6032.98,2053.374,13.0,16.0,144.0,154.0,,,444.0
mario8000@gmail.com_415467305291.fit,running,generic,2026-03-08 17:54:00,15720.91,5759.237,430.0,433.0,147.0,175.0,,,1207.0
mario8000@gmail.com_416134152137.fit,running,generic,2026-03-10 20:08:32,6307.07,2330.423,17.0,20.0,133.0,158.0,,,459.0
mario8000@gmail.com_416760315965.fit,running,generic,2026-03-12 17:47:40,15538.78,4503.075,34.0,34.0,166.0,188.0,,,1106.0
mario8000@gmail.com_417379787025.fit,hiking,generic,2026-03-14 13:34:29,11047.11,10385.774,526.0,521.0,96.0,156.0,,,817.0
mario8000@gmail.com_417662008508.fit,cycling,mountain,2026-03-15 11:46:34,17453.04,6471.823,546.0,560.0,131.0,172.0,2.697,11.01,897.0
mario8000@gmail.com_418032345493.fit,running,generic,2026-03-16 16:22:22,9393.83,2954.472,12.0,12.0,151.0,166.0,,,674.0
mario8000@gmail.com_418687675585.fit,running,generic,2026-03-18 15:49:06,10009.5,3475.225,134.0,150.0,158.0,188.0,,,791.0
mario8000@gmail.com_419332478525.fit,running,generic,2026-03-20 14:53:02,8647.31,2692.737,26.0,31.0,151.0,163.0,,,615.0
mario8000@gmail.com_420001510115.fit,running,generic,2026-03-22 14:01:16,12822.66,5290.556,414.0,427.0,144.0,180.0,,,1013.0
mario8000@gmail.com_420704728835.fit,running,generic,2026-03-24 18:03:01,10890.19,3294.303,36.0,32.0,157.0,188.0,,,780.0
mario8000@gmail.com_421975519069.fit,cycling,mountain,2026-03-28 14:10:30,24269.48,9276.769,619.0,587.0,130.0,171.0,2.616,12.568,1200.0
mario8000@gmail.com_422255809769.fit,running,generic,2026-03-29 11:21:36,9819.52,3442.2,284.0,291.0,151.0,173.0,,,758.0
mario8000@gmail.com_424299565876.fit,running,generic,2026-04-04 16:11:37,4512.73,1541.579,162.0,170.0,153.0,181.0,,,352.0
mario8000@gmail.com_424912848933.fit,hiking,generic,2026-04-06 09:48:42,13017.88,13741.872,307.0,302.0,96.0,137.0,,,1064.0
mario8000@gmail.com_424975886782.fit,running,generic,2026-04-06 17:42:47,2809.69,1271.802,141.0,165.0,144.0,183.0,,,254.0
mario8000@gmail.com_425333024796.fit,running,generic,2026-04-07 17:39:39,3544.08,1656.722,225.0,220.0,136.0,177.0,,,299.0
mario8000@gmail.com_426658683775.fit,running,generic,2026-04-11 09:59:17,9723.34,2826.202,46.0,48.0,157.0,171.0,,,677.0
mario8000@gmail.com_426658735349.fit,cycling,mountain,2026-04-11 12:06:06,31867.51,6439.933,211.0,215.0,119.0,141.0,4.948,9.779,711.0
mario8000@gmail.com_427394978800.fit,running,generic,2026-04-13 17:29:05,8054.25,3374.935,35.0,38.0,119.0,185.0,,,547.0
mario8000@gmail.com_427726120641.fit,running,generic,2026-04-14 16:46:10,8562.96,2510.091,32.0,33.0,157.0,171.0,,,610.0
mario8000@gmail.com_428421517261.fit,running,generic,2026-04-16 17:37:49,7556.17,2624.537,22.0,24.0,140.0,156.0,,,555.0
mario8000@gmail.com_429056639752.fit,cycling,mountain,2026-04-18 11:43:53,47670.07,9805.552,298.0,258.0,102.0,155.0,4.862,10.665,746.0
mario8000@gmail.com_429419022457.fit,running,generic,2026-04-19 12:59:12,15071.12,3819.752,44.0,50.0,173.0,188.0,,,1044.0
mario8000@gmail.com_430133837503.fit,cycling,mountain,2026-04-21 15:52:24,39931.34,6684.295,160.0,160.0,136.0,164.0,5.974,10.777,1025.0
mario8000@gmail.com_430505622891.fit,running,generic,2026-04-22 17:08:57,5216.2,1965.041,14.0,12.0,131.0,146.0,,,385.0
mario8000@gmail.com_431178742122.fit,running,generic,2026-04-24 16:52:30,10028.66,3238.037,34.0,40.0,148.0,175.0,,,733.0
mario8000@gmail.com_431520518109.fit,cycling,mountain,2026-04-25 15:17:47,27169.99,8639.764,785.0,774.0,142.0,184.0,3.145,14.351,1323.0
mario8000@gmail.com_431829564936.fit,cycling,mountain,2026-04-26 11:24:44,42088.49,12369.136,1029.0,999.0,129.0,169.0,3.403,11.747,1643.0
mario8000@gmail.com_432558036479.fit,cycling,mountain,2026-04-28 15:46:18,29024.19,6207.347,124.0,123.0,111.0,138.0,4.676,8.622,588.0
mario8000@gmail.com_433248879634.fit,running,generic,2026-04-30 16:47:04,6645.24,1745.345,21.0,28.0,178.0,186.0,,,481.0
mario8000@gmail.com_433544030528.fit,cycling,mountain,2026-05-01 11:06:26,27642.25,7991.518,842.0,774.0,141.0,185.0,3.459,13.567,1254.0
mario8000@gmail.com_433923331250.fit,cycling,mountain,2026-05-02 10:32:27,47908.51,17319.918,1602.0,1562.0,127.0,174.0,2.766,16.282,2085.0
mario8000@gmail.com_434615037430.fit,running,treadmill,2026-05-04 14:41:54,11332.13,3691.057,,,140.0,170.0,,,701.0
mario8000@gmail.com_435000675479.fit,cycling,mountain,2026-05-05 16:01:06,37377.11,6982.601,131.0,105.0,112.0,152.0,5.353,10.404,663.0
mario8000@gmail.com_435330329436.fit,running,generic,2026-05-06 16:32:06,12247.27,3441.815,27.0,30.0,161.0,179.0,,,852.0
mario8000@gmail.com_436231289334.fit,running,generic,2026-05-09 07:35:39,14396.59,4127.993,67.0,72.0,160.0,175.0,,,1021.0
mario8000@gmail.com_436717566519.fit,cycling,mountain,2026-05-10 10:55:20,70824.35,23588.662,1942.0,1873.0,124.0,174.0,3.002,16.245,2723.0
mario8000@gmail.com_437386692259.fit,running,generic,2026-05-12 15:36:15,11509.31,4374.247,36.0,39.0,137.0,155.0,,,879.0
mario8000@gmail.com_438106030979.fit,running,generic,2026-05-14 17:17:16,9009.14,2830.176,27.0,38.0,158.0,186.0,,,655.0
mario8000@gmail.com_438808042183.fit,running,generic,2026-05-16 17:57:58,5686.9,2071.814,192.0,207.0,142.0,178.0,,,439.0
mario8000@gmail.com_439119294006.fit,cycling,mountain,2026-05-17 15:38:18,30040.73,4824.836,96.0,100.0,129.0,161.0,6.226,10.17,685.0
mario8000@gmail.com_439736860259.fit,running,generic,2026-05-19 10:54:24,7878.44,2297.765,33.0,35.0,151.0,174.0,,,545.0
mario8000@gmail.com_440536206141.fit,running,generic,2026-05-21 17:12:23,14808.56,4245.07,56.0,55.0,158.0,182.0,,,1043.0
mario8000@gmail.com_440896925772.fit,cycling,mountain,2026-05-22 17:27:06,15622.93,4225.487,376.0,359.0,129.0,157.0,3.697,11.673,611.0
mario8000@gmail.com_441927981471.fit,cycling,mountain,2026-05-25 17:00:08,13058.91,4763.655,445.0,422.0,128.0,164.0,2.741,13.977,696.0
mario8000@gmail.com_443680985289.fit,cycling,mountain,2026-05-30 13:01:58,46293.99,16026.353,1056.0,1049.0,118.0,174.0,2.889,12.335,1694.0
mario8000@gmail.com_443950816837.fit,cycling,mountain,2026-05-31 09:15:26,30767.33,10627.726,892.0,842.0,127.0,164.0,2.895,14.575,1314.0
mario8000@gmail.com_446842251512.fit,running,generic,2026-06-08 16:01:10,12019.5,4211.219,55.0,55.0,138.0,151.0,,,865.0
mario8000@gmail.com_448924039311.fit,cycling,mountain,2026-06-14 08:41:36,42918.3,22317.491,1952.0,1905.0,131.0,180.0,1.923,13.604,2788.0
mario8000@gmail.com_449657034239.fit,cycling,mountain,2026-06-16 08:35:38,54047.55,19706.9,2015.0,1935.0,134.0,174.0,2.743,16.935,2617.0
mario8000@gmail.com_449991791371.fit,cycling,mountain,2026-06-17 09:54:13,32651.39,15994.715,1228.0,1176.0,117.0,164.0,2.041,13.399,1738.0
mario8000@gmail.com_450363367533.fit,hiking,generic,2026-06-18 10:42:32,12721.62,22796.633,1034.0,1051.0,96.0,146.0,,,1800.0
mario8000@gmail.com_450668519934.fit,cycling,mountain,2026-06-19 09:51:00,37056.4,14883.568,1201.0,1117.0,121.0,169.0,2.49,13.585,1723.0
mario8000@gmail.com_451069875267.fit,cycling,mountain,2026-06-20 09:53:21,44995.24,27010.0,1888.0,1868.0,122.0,171.0,1.666,14.547,2958.0
mario8000@gmail.com_451414672675.fit,cycling,mountain,2026-06-21 16:39:56,6867.01,2622.912,48.0,36.0,100.0,137.0,2.618,8.547,174.0
mario8000@gmail.com_451741691077.fit,cycling,mountain,2026-06-22 08:46:01,52374.33,27031.317,2333.0,2261.0,123.0,177.0,1.938,13.959,3118.0
mario8000@gmail.com_451953451711.fit,running,generic,2026-06-23 05:57:39,5010.73,1584.348,43.0,31.0,142.0,160.0,,,355.0
mario8000@gmail.com_452465472411.fit,cycling,mountain,2026-06-24 15:45:15,24590.47,7106.638,602.0,568.0,132.0,182.0,3.46,13.893,1000.0
mario8000@gmail.com_452822887784.fit,cycling,mountain,2026-06-25 16:05:47,28272.41,8864.567,643.0,583.0,120.0,179.0,3.189,14.845,1048.0
mario8000@gmail.com_453450882180.fit,cycling,mountain,2026-06-27 10:43:01,45474.27,12615.07,1059.0,990.0,123.0,174.0,3.605,14.36,1600.0
mario8000@gmail.com_453793147528.fit,hiking,generic,2026-06-28 12:50:24,2240.14,2798.695,146.0,148.0,91.0,127.0,,,224.0
mario8000@gmail.com_454155746010.fit,running,generic,2026-06-29 14:34:52,11685.65,3584.494,66.0,72.0,157.0,179.0,,,869.0
mario8000@gmail.com_454876651107.fit,running,generic,2026-07-01 14:51:49,22268.35,6505.951,42.0,59.0,159.0,184.0,,,1607.0
mario8000@gmail.com_455255320507.fit,cycling,mountain,2026-07-02 17:18:16,27257.61,5400.164,133.0,119.0,115.0,157.0,5.048,9.48,614.0
mario8000@gmail.com_455608450494.fit,running,generic,2026-07-03 16:51:08,6455.1,2224.735,16.0,18.0,136.0,149.0,,,471.0
mario8000@gmail.com_455952380407.fit,cycling,mountain,2026-07-04 13:31:43,57376.22,17260.875,1511.0,1473.0,133.0,174.0,3.324,15.293,2355.0
mario8000@gmail.com_456640476609.fit,running,generic,2026-07-06 16:44:48,13090.62,3729.784,35.0,36.0,164.0,188.0,,,930.0
mario8000@gmail.com_457300886815.fit,running,generic,2026-07-08 14:07:42,6144.96,2309.046,26.0,26.0,131.0,143.0,,,452.0
mario8000@gmail.com_457686667267.fit,running,generic,2026-07-09 16:17:29,9095.45,2772.687,27.0,32.0,153.0,182.0,,,663.0
mario8000@gmail.com_458054568597.fit,cycling,mountain,2026-07-10 16:45:51,29539.31,5551.529,101.0,94.0,106.0,144.0,5.321,8.183,502.0
mario8000@gmail.com_458271343628.fit,running,generic,2026-07-11 09:00:46,6020.75,1716.871,22.0,22.0,161.0,176.0,,,438.0
mario8000@gmail.com_459075003565.fit,running,generic,2026-07-13 15:18:54,13294.77,4355.463,76.0,75.0,146.0,168.0,,,979.0
mario8000@gmail.com_459833578074.fit,running,generic,2026-07-15 18:45:57,10689.44,3768.549,76.0,76.0,140.0,181.0,,,784.0
mario8000@gmail.com_460137314503.fit,running,generic,2026-07-16 16:20:48,6648.48,2326.367,17.0,20.0,138.0,178.0,,,487.0
mario8000@gmail.com_460845586697.fit,cycling,mountain,2026-07-18 12:29:36,56640.72,18384.54,1302.0,1284.0,118.0,171.0,3.081,13.268,2111.0
mario8000@gmail.com_461099754041.fit,cycling,mountain,2026-07-19 09:24:13,26747.74,6495.591,603.0,568.0,136.0,176.0,4.118,13.324,997.0
mario8000@gmail.com_462616991575.fit,cycling,generic,2026-07-23 16:20:56,23053.73,4099.113,73.0,71.0,109.0,131.0,,,444.0
mario8000@gmail.com_462885845199.fit,running,generic,2026-07-24 11:17:45,3526.44,1255.388,17.0,19.0,139.0,165.0,,,268.0
mario8000@gmail.com_462988323394.fit,hiking,generic,2026-07-24 18:03:52,3101.1,2768.463,192.0,192.0,94.0,139.0,,,250.0
mario8000@gmail.com_463225345491.fit,running,generic,2026-07-25 10:05:19,4904.55,1166.68,45.0,45.0,186.0,195.0,,,356.0
mario8000@gmail.com_463238413860.fit,running,generic,2026-07-25 11:01:19,3847.26,1435.55,138.0,134.0,150.0,181.0,,,310.0
mario8000@gmail.com_463645381207.fit,cycling,mountain,2026-07-26 11:59:59,39946.36,8579.325,277.0,247.0,103.0,152.0,4.656,8.799,638.0
mario8000@gmail.com_463683490222.fit,cycling,mountain,2026-07-26 15:14:35,15988.76,5762.523,133.0,128.0,105.0,144.0,2.775,7.334,478.0
mario8000@gmail.com_464022127122.fit,running,generic,2026-07-27 14:32:13,14077.16,4589.168,38.0,42.0,145.0,160.0,,,1002.0
mario8000@gmail.com_465160120852.fit,cycling,mountain,2026-07-30 14:54:04,50940.6,14003.707,959.0,932.0,128.0,176.0,3.638,15.676,1702.0
mario8000@gmail.com_465504071156.fit,cycling,mountain,2026-07-31 15:37:45,29067.68,8755.015,762.0,727.0,148.0,175.0,3.32,13.25,1473.0
mario8000@gmail.com_465842539325.fit,cycling,mountain,2026-08-01 12:29:42,46192.71,13492.006,992.0,956.0,121.0,168.0,3.424,10.404,1501.0
mario8000@gmail.com_466246174522.fit,hiking,generic,2026-08-02 17:21:28,6822.46,6526.053,324.0,331.0,95.0,159.0,,,517.0
mario8000@gmail.com_466597864633.fit,cycling,mountain,2026-08-03 15:30:05,34639.18,11127.83,863.0,813.0,127.0,173.0,3.113,11.803,1330.0
mario8000@gmail.com_466955059850.fit,cycling,mountain,2026-08-04 16:39:53,13470.89,3763.931,308.0,297.0,122.0,168.0,3.579,13.371,465.0
mario8000@gmail.com_467317057614.fit,running,generic,2026-08-05 16:28:45,10387.9,3129.09,35.0,38.0,158.0,169.0,,,747.0
mario8000@gmail.com_468051104515.fit,running,generic,2026-08-07 16:59:40,10213.1,2927.812,19.0,21.0,161.0,182.0,,,712.0
mario8000@gmail.com_468385688695.fit,cycling,mountain,2026-08-08 10:12:35,47033.55,19307.348,1385.0,1310.0,116.0,170.0,2.436,13.362,1976.0
mario8000@gmail.com_469150245399.fit,cycling,mountain,2026-08-10 16:52:40,24241.9,6714.111,683.0,677.0,155.0,180.0,3.611,14.211,1239.0
mario8000@gmail.com_469465338156.fit,running,generic,2026-08-11 14:33:47,5308.84,1762.083,21.0,27.0,137.0,153.0,,,370.0
mario8000@gmail.com_469867678743.fit,running,generic,2026-08-12 16:14:07,11623.93,3458.297,40.0,40.0,154.0,189.0,,,803.0
mario8000@gmail.com_470595978108.fit,cycling,mountain,2026-08-14 15:42:48,13920.29,6437.333,385.0,348.0,113.0,162.0,2.162,12.96,651.0
mario8000@gmail.com_470903270307.fit,cycling,mountain,2026-08-15 08:24:19,52476.38,19054.158,1965.0,1729.0,127.0,178.0,2.754,12.811,2354.0
mario8000@gmail.com_471369002542.fit,cycling,mountain,2026-08-16 09:49:17,20297.87,11078.71,996.0,928.0,109.0,174.0,1.832,13.194,1050.0
mario8000@gmail.com_472061092141.fit,cycling,mountain,2026-08-18 15:23:49,54647.76,9416.515,205.0,194.0,139.0,177.0,5.803,9.695,1390.0
mario8000@gmail.com_472430611711.fit,running,generic,2026-08-19 16:55:16,10082.58,3241.997,23.0,25.0,150.0,180.0,,,718.0
mario8000@gmail.com_473874043480.fit,cycling,mountain,2026-08-23 11:12:53,44111.29,16340.551,1281.0,1276.0,125.0,176.0,2.699,10.842,1980.0
mario8000@gmail.com_474270857689.fit,cycling,mountain,2026-08-24 15:25:10,27841.98,8016.134,634.0,589.0,131.0,180.0,3.473,12.251,1039.0
mario8000@gmail.com_474656509654.fit,cycling,mountain,2026-08-25 15:30:45,31558.78,9172.633,689.0,669.0,131.0,180.0,3.441,11.999,1191.0
mario8000@gmail.com_475040851119.fit,cycling,mountain,2026-08-26 15:43:07,34915.99,9155.152,582.0,582.0,120.0,166.0,3.814,10.992,1043.0
mario8000@gmail.com_475783786738.fit,cycling,mountain,2026-08-28 15:18:37,34135.53,10261.603,724.0,678.0,128.0,181.0,3.327,12.428,1249.0
mario8000@gmail.com_476128809119.fit,cycling,mountain,2026-08-29 11:52:56,46546.34,13010.094,918.0,898.0,109.0,163.0,3.578,14.873,1236.0
mario8000@gmail.com_476907868367.fit,running,generic,2026-08-31 16:28:08,22038.91,6058.689,53.0,53.0,167.0,180.0,,,1573.0
mario8000@gmail.com_478052457776.fit,running,generic,2026-09-03 17:08:16,7149.15,2538.724,27.0,26.0,136.0,155.0,,,521.0
mario8000@gmail.com_204779020322.fit,cycling,mountain,2023-08-16 10:06:07,126520.08,31282.684,876.0,870.0,,,4.044,13.837,3861.0
mario8000@gmail.com_204929837779.fit,cycling,mountain,2023-08-17 09:42:37,106007.31,22748.453,971.0,1066.0,,,4.66,15.722,3645.0
mario8000@gmail.com_205106210741.fit,cycling,mountain,2023-08-18 11:18:34,85586.39,27025.158,875.0,869.0,,,3.167,14.136,2752.0
mario8000@gmail.com_205223242088.fit,cycling,mountain,2023-08-19 10:12:40,23698.83,6739.045,332.0,334.0,,,3.517,14.341,841.0
mario8000@gmail.com_208287528493.fit,cycling,mountain,2023-08-21 15:05:12,6291.19,11309.141,173.0,162.0,,,0.556,7.222,234.0
mario8000@gmail.com_208324463432.fit,cycling,mountain,2023-09-06 13:55:39,48774.18,15094.17,1160.0,1165.0,,,3.231,16.263,1959.0
mario8000@gmail.com_210215012279.fit,cycling,mountain,2023-09-17 10:53:49,32536.88,16543.135,950.0,1017.0,,,1.967,10.105,1352.0
mario8000@gmail.com_211057816205.fit,cycling,mountain,2023-09-22 14:15:48,15635.07,3513.467,384.0,382.0,,,4.45,15.704,687.0
mario8000@gmail.com_212097377406.fit,cycling,mountain,2023-09-28 14:21:22,29014.14,9817.263,814.0,817.0,,,2.955,12.522,1278.0
mario8000@gmail.com_212238324785.fit,cycling,mountain,2023-09-29 12:24:26,11102.01,3520.229,373.0,370.0,,,3.154,10.124,500.0
mario8000@gmail.com_212418394738.fit,cycling,mountain,2023-09-30 11:57:11,7755.8,3675.493,101.0,108.0,,,2.11,9.807,232.0
mario8000@gmail.com_212418408348.fit,cycling,mountain,2023-09-30 12:58:55,18507.33,5146.721,713.0,712.0,,,3.596,11.15,932.0
mario8000@gmail.com_212418409456.fit,cycling,mountain,2023-09-30 14:26:12,1227.94,673.618,29.0,19.0,,,1.823,5.207,44.0
mario8000@gmail.com_212793276519.fit,cycling,mountain,2023-10-02 15:39:19,24386.01,4101.689,80.0,88.0,,,5.945,9.928,658.0
mario8000@gmail.com_213144380684.fit,cycling,mountain,2023-10-04 15:33:59,26641.95,4920.879,88.0,88.0,,,5.414,9.48,700.0
mario8000@gmail.com_218520550807.fit,cycling,mountain,2023-11-05 09:26:57,26488.47,7356.383,534.0,555.0,,,3.601,12.774,974.0
mario8000@gmail.com_247338529794.fit,cycling,mountain,2024-04-14 10:10:22,18382.97,5372.722,571.0,563.0,,,3.422,13.8,857.0
mario8000@gmail.com_249928537384.fit,hiking,generic,2024-04-27 11:00:42,10178.6,20010.263,419.0,411.0,85.0,125.0,,,1138.0
mario8000@gmail.com_250087089665.fit,cycling,mountain,2024-04-28 09:05:06,37333.7,13793.285,956.0,968.0,,,2.707,16.021,1496.0
mario8000@gmail.com_250709606125.fit,cycling,mountain,2024-05-01 08:45:16,38307.83,13476.726,1073.0,1120.0,140.0,185.0,2.843,17.402,1862.0
mario8000@gmail.com_250760712428.fit,hiking,generic,2024-05-01 14:49:25,9139.2,10486.002,551.0,549.0,106.0,150.0,,,951.0
mario8000@gmail.com_251132869259.fit,running,generic,2024-05-03 13:43:37,7540.84,2159.49,21.0,21.0,164.0,187.0,,,528.0
mario8000@gmail.com_251353809648.fit,cycling,mountain,2024-05-02 21:55:04,0.0,1.615,0.0,0.0,,,0.0,,0.0
mario8000@gmail.com_251353844788.fit,cycling,mountain,2024-05-04 10:49:32,44936.13,18343.169,1310.0,1293.0,122.0,176.0,2.45,10.954,1930.0
mario8000@gmail.com_252200537886.fit,running,generic,2024-05-08 19:44:18,5010.66,1447.433,15.0,13.0,156.0,171.0,,,339.0
mario8000@gmail.com_252927839014.fit,cycling,mountain,2024-05-12 06:18:37,36595.81,9334.266,833.0,831.0,138.0,171.0,3.921,11.859,1449.0
mario8000@gmail.com_253216740308.fit,running,generic,2024-05-13 17:42:24,5508.47,1350.925,1.0,0.0,167.0,183.0,,,334.0
mario8000@gmail.com_253594099849.fit,cycling,mountain,2024-05-15 09:45:51,55059.13,15698.317,1330.0,1327.0,,,3.507,14.22,2123.0
mario8000@gmail.com_254418927838.fit,cycling,mountain,2024-05-19 12:02:23,32862.22,10861.972,860.0,853.0,132.0,179.0,3.025,12.177,1301.0
mario8000@gmail.com_254863775091.fit,running,generic,2024-05-21 17:50:11,10504.74,3048.276,34.0,29.0,161.0,184.0,,,721.0
mario8000@gmail.com_255263522488.fit,cycling,mountain,2024-05-23 17:30:26,17631.23,5184.252,550.0,565.0,142.0,182.0,3.401,12.41,742.0
mario8000@gmail.com_255776512031.fit,cycling,mountain,2024-05-26 08:17:54,4792.24,1753.493,108.0,109.0,138.0,165.0,2.733,15.629,293.0
mario8000@gmail.com_255810343496.fit,cycling,mountain,2024-05-26 08:56:20,36244.4,7876.005,1072.0,1072.0,172.0,187.0,4.602,14.239,1894.0
mario8000@gmail.com_256471368007.fit,running,generic,2024-05-29 16:34:47,16290.77,5019.421,38.0,33.0,160.0,170.0,,,1180.0
mario8000@gmail.com_256882141215.fit,cycling,mountain,2024-05-31 16:23:00,37488.67,11261.589,808.0,831.0,127.0,180.0,3.329,12.027,1315.0
mario8000@gmail.com_257082253323.fit,cycling,mountain,2024-06-01 14:18:31,49322.78,16009.099,1050.0,1056.0,121.0,172.0,3.081,13.893,1691.0
mario8000@gmail.com_257492044439.fit,running,generic,2024-06-03 17:49:01,10054.42,3029.369,31.0,31.0,159.0,178.0,,,718.0
mario8000@gmail.com_258106331042.fit,cycling,mountain,2024-06-06 16:13:52,31889.96,9335.877,767.0,755.0,138.0,179.0,3.416,12.251,1286.0
mario8000@gmail.com_258453592057.fit,cycling,mountain,2024-06-08 04:56:47,91171.18,25559.869,3117.0,3093.0,157.0,184.0,3.567,14.77,4151.0
mario8000@gmail.com_261694989769.fit,cycling,mountain,2024-06-23 12:26:46,43634.95,9916.678,83.0,82.0,99.0,149.0,4.4,11.514,679.0
mario8000@gmail.com_262570486012.fit,hiking,generic,2024-06-28 10:27:58,12419.1,16591.564,584.0,586.0,102.0,152.0,,,1430.0
mario8000@gmail.com_263732355820.fit,training,62,2024-06-30 13:36:19,,334.0,,,76.0,84.0,,,
mario8000@gmail.com_263791321516.fit,cycling,mountain,2024-07-04 14:06:18,52200.04,16409.704,1266.0,1266.0,143.0,186.0,3.181,12.512,2294.0
mario8000@gmail.com_263957559234.fit,cycling,mountain,2024-07-05 10:57:04,41538.0,13507.045,1144.0,1138.0,136.0,180.0,3.075,13.53,1748.0
mario8000@gmail.com_264386145514.fit,cycling,mountain,2024-07-07 15:16:34,32090.38,7712.363,744.0,477.0,139.0,182.0,4.161,12.046,1152.0
mario8000@gmail.com_264612276209.fit,cycling,mountain,2024-07-08 15:23:15,64587.48,17551.585,988.0,1000.0,120.0,176.0,3.68,12.447,1837.0
mario8000@gmail.com_265413959091.fit,cycling,mountain,2024-07-12 17:42:28,20251.74,4646.892,72.0,58.0,102.0,138.0,4.358,10.189,357.0
mario8000@gmail.com_265547430718.fit,cycling,mountain,2024-07-13 09:07:05,28943.7,6761.601,951.0,956.0,176.0,191.0,4.281,14.575,1748.0
mario8000@gmail.com_266030922034.fit,cycling,mountain,2024-07-15 15:01:13,44492.05,15677.066,1110.0,1096.0,129.0,181.0,2.838,15.125,1849.0
mario8000@gmail.com_266239706747.fit,running,generic,2024-07-16 19:05:20,5033.3,1423.301,15.0,15.0,159.0,173.0,,,346.0
mario8000@gmail.com_267491517799.fit,cycling,mountain,2024-07-22 16:13:33,21643.51,9288.774,713.0,722.0,128.0,177.0,2.33,11.738,1066.0
mario8000@gmail.com_268282865410.fit,cycling,mountain,2024-07-26 15:42:11,14062.9,4524.523,533.0,320.0,158.0,189.0,3.108,11.104,943.0
mario8000@gmail.com_268476788872.fit,cycling,mountain,2024-07-27 09:21:50,58109.58,21993.955,1956.0,1900.0,127.0,181.0,2.642,16.506,2605.0
mario8000@gmail.com_269708494848.fit,cycling,mountain,2024-08-02 10:27:57,57716.96,17249.988,1378.0,1186.0,135.0,187.0,3.346,14.397,2357.0
mario8000@gmail.com_270145048442.fit,cycling,mountain,2024-08-04 14:43:07,38468.08,11380.245,992.0,994.0,138.0,181.0,3.38,15.116,1579.0
mario8000@gmail.com_270576392636.fit,running,generic,2024-08-06 18:42:48,6630.73,1974.999,24.0,20.0,159.0,187.0,,,481.0
mario8000@gmail.com_270777803991.fit,cycling,mountain,2024-08-07 15:43:29,25184.07,8847.431,756.0,754.0,138.0,183.0,2.846,13.138,1296.0
mario8000@gmail.com_271377638566.fit,cycling,mountain,2024-08-10 09:19:31,55499.66,23941.89,1721.0,1749.0,120.0,189.0,2.318,18.428,2632.0
mario8000@gmail.com_271803535949.fit,cycling,indoor_cycling,2024-08-12 16:22:11,0.0,1871.839,,,147.0,162.0,,,406.0
mario8000@gmail.com_272392029207.fit,cycling,mountain,2024-08-15 10:20:34,10918.97,4074.568,372.0,369.0,133.0,178.0,2.68,13.781,609.0
mario8000@gmail.com_272657180794.fit,cycling,mountain,2024-08-16 14:23:32,43169.83,15178.58,1016.0,1014.0,126.0,181.0,2.844,14.22,1774.0
mario8000@gmail.com_273014246924.fit,cycling,mountain,2024-08-18 10:22:13,26860.71,6113.491,677.0,670.0,152.0,185.0,4.394,14.099,1135.0
mario8000@gmail.com_274549495265.fit,running,generic,2024-08-25 17:59:42,11498.0,3516.045,29.0,29.0,157.0,185.0,,,830.0
mario8000@gmail.com_274736179813.fit,cycling,indoor_cycling,2024-08-26 15:48:49,0.0,3600.342,,,140.0,164.0,,,717.0
mario8000@gmail.com_275192830673.fit,running,generic,2024-08-28 19:02:40,7568.69,2844.078,20.0,18.0,140.0,162.0,,,574.0
mario8000@gmail.com_276000377602.fit,cycling,generic,2024-08-31 11:43:05,15633.75,5862.422,65.0,64.0,88.0,131.0,,,387.0
mario8000@gmail.com_276000937293.fit,cycling,generic,2024-08-31 14:48:34,9229.27,5296.861,62.0,63.0,96.0,143.0,,,427.0
mario8000@gmail.com_276015661619.fit,cycling,mountain,2024-09-01 07:45:41,61965.21,24327.576,1585.0,1561.0,130.0,178.0,2.547,15.573,2956.0
mario8000@gmail.com_276215464643.fit,alpine_skiing,generic,2024-09-02 07:36:16,64381.18,22547.741,4386.0,4437.0,99.0,169.0,,,1858.0
mario8000@gmail.com_276389218162.fit,hiking,generic,2024-09-03 11:36:53,1458.22,3557.745,87.0,224.0,82.0,132.0,,,207.0
mario8000@gmail.com_276630231213.fit,cycling,mountain,2024-09-04 09:37:38,41877.21,21167.836,1565.0,1565.0,123.0,182.0,1.978,14.929,2264.0
mario8000@gmail.com_276878268548.fit,hiking,generic,2024-09-05 09:27:04,16046.92,26675.666,1031.0,1042.0,92.0,146.0,,,1871.0
mario8000@gmail.com_277270967976.fit,cycling,mountain,2024-09-07 09:06:15,45757.34,23136.111,2232.0,2204.0,137.0,185.0,1.978,19.109,3145.0
mario8000@gmail.com_277926837145.fit,cycling,mountain,2024-09-10 15:54:12,28693.17,5047.292,81.0,80.0,128.0,174.0,5.685,10.74,684.0
mario8000@gmail.com_278153394129.fit,cycling,indoor_cycling,2024-09-11 17:44:56,0.0,2406.173,,,137.0,163.0,,,446.0
mario8000@gmail.com_278372420485.fit,cycling,indoor_cycling,2024-09-12 18:00:50,0.0,3633.332,,,129.0,144.0,,,563.0
mario8000@gmail.com_279038748447.fit,running,generic,2024-09-15 17:02:08,7071.75,2495.008,20.0,16.0,149.0,165.0,,,541.0
mario8000@gmail.com_279212521239.fit,cycling,indoor_cycling,2024-09-16 16:45:21,0.0,3653.903,,,152.0,175.0,,,794.0
mario8000@gmail.com_279427617054.fit,cycling,mountain,2024-09-17 15:44:15,26486.66,5940.637,83.0,89.0,101.0,159.0,4.459,10.572,439.0
mario8000@gmail.com_279863608710.fit,cycling,indoor_cycling,2024-09-19 16:46:11,0.0,2713.055,,,152.0,178.0,,,594.0
mario8000@gmail.com_280253876116.fit,cycling,mountain,2024-09-21 10:05:32,44316.41,10817.817,1028.0,1011.0,151.0,187.0,4.097,15.405,1847.0
mario8000@gmail.com_280502123933.fit,cycling,generic,2024-09-22 15:39:33,5329.7,808.883,9.0,374.0,94.0,129.0,,,68.0
mario8000@gmail.com_280729500231.fit,cycling,mountain,2024-09-23 15:24:32,25503.73,7755.262,661.0,663.0,135.0,190.0,3.289,14.425,1084.0
mario8000@gmail.com_281166644811.fit,cycling,indoor_cycling,2024-09-25 17:20:10,0.0,3010.515,,,123.0,138.0,,,428.0
mario8000@gmail.com_282619146234.fit,cycling,indoor_cycling,2024-10-01 16:13:58,0.0,3600.353,,,138.0,169.0,,,652.0
mario8000@gmail.com_282640800029.fit,cycling,indoor_cycling,2024-10-02 16:03:06,0.0,3647.32,,,143.0,162.0,,,703.0
mario8000@gmail.com_282862272793.fit,running,generic,2024-10-03 17:07:10,10763.08,3300.61,31.0,28.0,160.0,179.0,,,784.0
mario8000@gmail.com_283075951764.fit,cycling,indoor_cycling,2024-10-04 17:56:12,0.0,1977.77,,,125.0,137.0,,,305.0
mario8000@gmail.com_283469591538.fit,cycling,mountain,2024-10-06 09:28:45,47238.21,15475.794,1314.0,1301.0,141.0,183.0,3.052,13.362,2131.0
mario8000@gmail.com_283707594973.fit,cycling,mountain,2024-10-07 14:10:21,27764.12,8982.334,784.0,783.0,143.0,179.0,3.091,15.358,1270.0
mario8000@gmail.com_284730072311.fit,cycling,mountain,2024-10-12 11:01:23,24456.51,7514.254,471.0,460.0,133.0,179.0,3.255,10.805,1008.0
mario8000@gmail.com_284947500210.fit,cycling,mountain,2024-10-13 08:14:28,6367.66,2857.936,166.0,211.0,137.0,175.0,2.228,8.304,453.0
mario8000@gmail.com_284947525911.fit,cycling,mountain,2024-10-13 09:04:39,33448.9,7463.835,566.0,443.0,179.0,194.0,4.481,13.502,1930.0
mario8000@gmail.com_285640702475.fit,cycling,indoor_cycling,2024-10-16 18:04:22,0.0,3002.827,,,131.0,147.0,,,462.0
mario8000@gmail.com_286205706366.fit,cycling,mountain,2024-10-19 10:02:58,20362.44,6429.102,573.0,570.0,151.0,187.0,3.167,12.923,1119.0
mario8000@gmail.com_286460061584.fit,cycling,mountain,2024-10-20 09:27:31,47608.15,21608.946,1017.0,1003.0,107.0,172.0,2.203,12.643,1857.0
mario8000@gmail.com_286896008521.fit,running,generic,2024-10-22 15:25:49,11025.8,3297.277,26.0,29.0,164.0,188.0,,,798.0
mario8000@gmail.com_288193412444.fit,training,strength_training,2024-10-25 12:31:14,0.0,4965.171,,,107.0,218.0,,,464.0
mario8000@gmail.com_288201593768.fit,running,treadmill,2024-10-23 15:39:24,4120.0,1804.666,,,125.0,141.0,,,277.0
mario8000@gmail.com_288201609796.fit,running,treadmill,2024-10-28 16:58:25,7158.19,2539.632,,,127.0,138.0,,,387.0
mario8000@gmail.com_288636677551.fit,cycling,indoor_cycling,2024-10-30 17:22:13,0.0,3622.862,,,130.0,148.0,,,534.0
mario8000@gmail.com_288860048146.fit,running,treadmill,2024-10-31 18:58:15,10268.99,3599.955,,,131.0,151.0,,,557.0
mario8000@gmail.com_289250582822.fit,cycling,generic,2024-11-02 13:10:19,38139.54,8649.635,81.0,90.0,99.0,151.0,,,675.0
mario8000@gmail.com_289698109586.fit,running,treadmill,2024-11-04 16:44:42,10314.3,3615.88,,,135.0,148.0,,,609.0
mario8000@gmail.com_290142287695.fit,cycling,indoor_cycling,2024-11-06 16:38:24,0.0,3601.331,,,139.0,159.0,,,625.0
mario8000@gmail.com_290328272356.fit,running,treadmill,2024-11-07 16:19:53,10064.89,3039.528,,,153.0,185.0,,,571.0
mario8000@gmail.com_290736611002.fit,cycling,mountain,2024-11-09 13:54:57,28301.56,7651.039,754.0,751.0,155.0,184.0,3.699,11.561,1331.0
mario8000@gmail.com_305402696061.fit,swimming,lap_swimming,2025-01-08 18:30:45,800.0,1546.378,,,134.0,156.0,,,264.0
mario8000@gmail.com_308687609818.fit,running,generic,2025-01-31 17:45:59,11258.88,3884.659,34.0,34.0,152.0,166.0,,,835.0
mario8000@gmail.com_311682414231.fit,swimming,lap_swimming,2025-02-13 17:43:23,1750.0,2797.085,,,139.0,156.0,,,466.0
mario8000@gmail.com_315813864366.fit,cycling,generic,2025-03-03 15:09:54,25093.8,5252.132,74.0,71.0,138.0,186.0,,,812.0
mario8000@gmail.com_316082523434.fit,cycling,indoor_cycling,2025-03-04 19:00:45,0.0,2983.458,,,140.0,169.0,,,515.0
mario8000@gmail.com_316523321142.fit,cycling,mountain,2025-03-06 14:31:39,28006.38,9661.226,769.0,764.0,150.0,181.0,2.899,12.503,1504.0
mario8000@gmail.com_316757456196.fit,cycling,mountain,2025-03-07 14:45:21,26497.4,9296.331,769.0,753.0,147.0,181.0,2.85,11.887,1431.0
mario8000@gmail.com_316927472806.fit,cycling,mountain,2025-03-08 08:05:26,40306.22,11659.293,1043.0,1003.0,143.0,179.0,3.457,12.456,1721.0
mario8000@gmail.com_317472754057.fit,cycling,generic,2025-03-10 15:31:08,36980.29,5145.414,124.0,122.0,138.0,170.0,,,812.0
mario8000@gmail.com_317948652019.fit,cycling,generic,2025-03-12 15:25:06,40456.28,5736.039,141.0,142.0,146.0,180.0,,,1041.0
mario8000@gmail.com_318824602815.fit,cycling,generic,2025-03-16 10:42:12,7608.55,3425.947,65.0,85.0,117.0,170.0,,,387.0
mario8000@gmail.com_319352649337.fit,cycling,mountain,2025-03-18 16:53:07,18348.32,3814.274,71.0,77.0,123.0,170.0,4.81,10.749,447.0
mario8000@gmail.com_319616539423.fit,cycling,indoor_cycling,2025-03-19 18:40:53,0.0,3610.899,,,132.0,149.0,,,545.0
mario8000@gmail.com_319832169980.fit,cycling,generic,2025-03-20 15:55:10,48466.37,5569.62,157.0,157.0,163.0,185.0,,,1203.0
mario8000@gmail.com_320308665529.fit,cycling,mountain,2025-03-22 14:06:54,29091.69,11410.287,918.0,902.0,144.0,184.0,2.55,14.509,1693.0
mario8000@gmail.com_323258198066.fit,running,generic,2025-04-03 19:48:26,5551.85,1421.135,9.0,8.0,169.0,187.0,,,349.0
mario8000@gmail.com_323258207065.fit,running,generic,2025-04-03 20:16:35,2028.18,650.993,1.0,4.0,155.0,163.0,,,150.0
mario8000@gmail.com_324447153885.fit,cycling,mountain,2025-04-08 15:18:18,30123.92,7226.82,113.0,113.0,111.0,169.0,4.168,9.919,640.0
mario8000@gmail.com_325424565613.fit,cycling,mountain,2025-04-12 12:54:55,57785.4,16100.074,1319.0,1292.0,142.0,183.0,3.589,14.593,2233.0
mario8000@gmail.com_325596191906.fit,cycling,mountain,2025-04-13 08:15:07,39226.64,9916.357,842.0,819.0,154.0,179.0,3.956,12.279,1701.0
mario8000@gmail.com_326405526415.fit,running,generic,2025-04-16 18:33:55,6117.34,1995.434,15.0,20.0,153.0,181.0,,,445.0
mario8000@gmail.com_326642275408.fit,cycling,mountain,2025-04-17 16:24:19,51160.33,8784.387,162.0,163.0,138.0,178.0,5.824,10.833,1262.0
mario8000@gmail.com_327079071116.fit,cycling,mountain,2025-04-19 11:58:08,34419.65,8354.958,731.0,714.0,145.0,187.0,4.12,12.111,1368.0
mario8000@gmail.com_327342067171.fit,cycling,mountain,2025-04-20 13:32:20,37374.08,9654.075,528.0,516.0,121.0,178.0,3.871,12.886,1029.0
mario8000@gmail.com_327620010035.fit,cycling,mountain,2025-04-21 11:56:13,46255.84,18052.405,1120.0,1113.0,123.0,181.0,2.562,12.96,1930.0
mario8000@gmail.com_328093167629.fit,cycling,mountain,2025-04-23 16:29:53,34119.6,5446.959,96.0,86.0,131.0,159.0,6.264,8.5,733.0
mario8000@gmail.com_328571569594.fit,cycling,mountain,2025-04-25 16:45:23,11998.75,3265.375,103.0,111.0,123.0,158.0,3.675,9.881,406.0
mario8000@gmail.com_328718182589.fit,cycling,mountain,2025-04-26 08:01:52,5584.87,1787.572,42.0,32.0,135.0,174.0,3.124,7.418,291.0
mario8000@gmail.com_328755505370.fit,cycling,mountain,2025-04-26 09:06:11,57600.45,10086.655,370.0,357.0,177.0,189.0,5.711,11.094,2597.0
mario8000@gmail.com_329320833531.fit,cycling,mountain,2025-04-28 15:39:26,48814.01,7861.143,213.0,183.0,133.0,174.0,6.21,11.15,1063.0
mario8000@gmail.com_329565421398.fit,cycling,mountain,2025-04-29 14:14:37,62921.31,11230.514,348.0,312.0,134.0,171.0,5.603,10.516,1486.0
mario8000@gmail.com_330347528756.fit,cycling,mountain,2025-05-02 15:38:43,38888.2,11130.467,788.0,761.0,135.0,181.0,3.494,14.659,1444.0
mario8000@gmail.com_330562540051.fit,cycling,mountain,2025-05-03 10:02:16,64782.14,23282.213,1505.0,1473.0,126.0,179.0,2.782,11.981,2560.0
mario8000@gmail.com_330831161020.fit,cycling,mountain,2025-05-04 16:21:45,28835.47,7593.98,458.0,469.0,132.0,182.0,3.797,11.467,969.0
mario8000@gmail.com_331541709789.fit,cycling,mountain,2025-05-07 15:17:58,22359.68,3574.85,111.0,84.0,137.0,175.0,6.255,9.443,573.0
mario8000@gmail.com_332064181981.fit,cycling,mountain,2025-05-09 14:51:41,29091.31,5110.252,127.0,114.0,135.0,170.0,5.693,9.611,741.0
mario8000@gmail.com_332238064946.fit,cycling,mountain,2025-05-10 08:53:31,44367.18,11264.263,1245.0,1152.0,171.0,187.0,3.939,12.531,2601.0
mario8000@gmail.com_332561730880.fit,cycling,mountain,2025-05-11 15:24:19,50754.81,10109.478,261.0,249.0,144.0,175.0,5.021,9.135,1501.0
mario8000@gmail.com_333064694467.fit,cycling,mountain,2025-05-13 16:00:34,36417.68,8473.656,133.0,108.0,98.0,158.0,4.298,8.752,564.0
mario8000@gmail.com_333325828951.fit,running,generic,2025-05-14 17:57:31,9406.99,2999.41,14.0,13.0,152.0,189.0,,,667.0
mario8000@gmail.com_333749456370.fit,cycling,indoor_cycling,2025-05-15 18:40:23,0.0,2476.943,,,129.0,167.0,,,397.0
mario8000@gmail.com_334060543428.fit,cycling,indoor_cycling,2025-05-17 15:54:56,0.0,3602.292,,,137.0,173.0,,,626.0
mario8000@gmail.com_334847516617.fit,cycling,mountain,2025-05-20 15:25:02,52848.01,11319.071,259.0,235.0,136.0,182.0,4.669,10.394,1414.0
mario8000@gmail.com_335009125983.fit,cycling,mountain,2022-12-23 14:20:42,0.0,9.119,0.0,0.0,,,0.0,,0.0
mario8000@gmail.com_335009126615.fit,cycling,mountain,2022-12-26 15:27:31,112.33,119.645,0.0,3.0,,,0.939,2.557,1.0
mario8000@gmail.com_335009127213.fit,cycling,mountain,2022-12-29 02:43:05,0.0,1.956,0.0,0.0,,,0.0,,0.0
mario8000@gmail.com_335009127771.fit,cycling,mountain,2022-12-29 02:43:56,0.0,117.325,0.0,0.0,,,0.0,,0.0
mario8000@gmail.com_335009128321.fit,cycling,mountain,2022-12-29 02:46:11,0.0,2.262,0.0,0.0,,,0.0,,0.0
mario8000@gmail.com_335009128887.fit,cycling,mountain,2023-03-31 20:11:00,8250.99,1780.58,23.0,22.0,,,4.634,9.303,224.0
mario8000@gmail.com_335009132030.fit,cycling,mountain,2023-04-08 14:09:34,20864.05,5700.587,529.0,538.0,,,3.66,14.77,886.0
mario8000@gmail.com_335009134549.fit,cycling,mountain,2023-04-09 13:44:51,23566.02,8515.855,576.0,575.0,,,2.767,11.122,936.0
mario8000@gmail.com_335009137633.fit,cycling,mountain,2023-04-16 14:09:50,18245.49,9878.553,665.0,412.0,,,1.847,8.37,812.0
mario8000@gmail.com_335009138534.fit,cycling,mountain,2023-04-22 09:27:21,0.39,59.265,0.0,0.0,,,0.007,0.0,0.0
mario8000@gmail.com_335009139324.fit,cycling,mountain,2023-04-22 09:29:15,4186.84,1825.641,134.0,45.0,,,2.293,10.366,202.0
mario8000@gmail.com_335009139997.fit,cycling,mountain,2023-04-22 09:59:57,0.0,1.378,0.0,0.0,,,0.0,0.0,0.0
mario8000@gmail.com_335009144641.fit,cycling,mountain,2023-04-22 10:05:10,48460.15,21237.522,1031.0,1093.0,,,2.282,12.82,1837.0
mario8000@gmail.com_335009146598.fit,cycling,mountain,2023-04-27 16:42:48,23763.72,6479.148,68.0,62.0,,,3.668,8.892,529.0
mario8000@gmail.com_335009147615.fit,cycling,mountain,2023-04-29 16:27:17,6926.23,2560.672,195.0,129.0,,,2.705,8.668,280.0
mario8000@gmail.com_335009148267.fit,cycling,mountain,2023-04-30 07:51:19,1612.66,532.438,39.0,33.0,,,3.029,10.926,67.0
mario8000@gmail.com_335009151400.fit,cycling,mountain,2023-04-30 08:50:52,36026.09,10010.822,1169.0,1166.0,,,3.599,13.53,1697.0
mario8000@gmail.com_335009154115.fit,cycling,mountain,2023-05-03 07:48:42,37497.35,7857.918,123.0,124.0,,,4.772,10.142,943.0
mario8000@gmail.com_335009155069.fit,cycling,mountain,2023-05-03 17:18:54,10321.33,2107.038,32.0,31.0,,,4.899,8.267,266.0
mario8000@gmail.com_335009156680.fit,cycling,mountain,2023-05-05 14:33:29,34746.15,9228.899,130.0,124.0,,,3.765,9.844,880.0
mario8000@gmail.com_335009157943.fit,cycling,mountain,2023-05-14 13:15:02,26173.69,5205.968,70.0,61.0,,,5.028,9.993,679.0
mario8000@gmail.com_335009159930.fit,cycling,mountain,2023-05-18 14:04:47,29035.51,7314.742,100.0,100.0,,,3.969,9.909,723.0
mario8000@gmail.com_335009164744.fit,cycling,mountain,2023-05-20 09:23:27,65219.37,24117.679,1301.0,1280.0,,,2.704,14.705,2443.0
mario8000@gmail.com_335009167772.fit,cycling,mountain,2023-05-27 08:56:24,26649.98,7420.667,82.0,75.0,,,3.591,9.032,570.0
mario8000@gmail.com_335009168918.fit,cycling,mountain,2023-05-27 19:06:57,15048.98,3977.681,49.0,51.0,,,3.783,8.715,398.0
mario8000@gmail.com_335009171595.fit,cycling,mountain,2023-05-31 15:26:27,31026.57,11030.858,881.0,873.0,,,2.813,12.083,1364.0
mario8000@gmail.com_335009174423.fit,cycling,mountain,2023-06-01 16:36:19,33155.17,8742.701,616.0,614.0,,,3.792,14.631,1209.0
mario8000@gmail.com_335009175859.fit,cycling,mountain,2023-06-04 16:53:35,23736.04,5213.337,62.0,56.0,,,4.553,9.256,584.0
mario8000@gmail.com_335009177134.fit,cycling,mountain,2023-06-18 13:11:25,26158.92,5671.061,69.0,56.0,,,4.613,8.36,661.0
mario8000@gmail.com_335009178473.fit,cycling,mountain,2023-06-20 15:36:14,21667.66,3861.738,87.0,85.0,,,5.611,11.943,562.0
mario8000@gmail.com_335009182884.fit,cycling,mountain,2023-07-15 10:24:07,45802.62,20341.415,1508.0,1497.0,,,2.252,14.257,2192.0
mario8000@gmail.com_335009187163.fit,cycling,mountain,2023-08-10 14:16:49,37841.86,10333.665,877.0,888.0,,,3.662,12.195,1518.0
mario8000@gmail.com_335009189126.fit,cycling,mountain,2023-08-12 06:38:36,26638.36,6648.771,468.0,463.0,,,4.007,11.682,936.0
mario8000@gmail.com_335351760258.fit,cycling,mountain,2025-05-22 17:14:00,51567.11,7858.372,155.0,174.0,146.0,184.0,6.562,10.348,1290.0
mario8000@gmail.com_335854969219.fit,cycling,mountain,2025-05-24 09:03:56,46318.52,9831.932,1141.0,1138.0,176.0,187.0,4.711,12.419,2530.0
mario8000@gmail.com_335854975670.fit,cycling,mountain,2025-05-24 12:03:42,7433.86,2561.783,199.0,60.0,132.0,155.0,2.902,9.06,409.0
mario8000@gmail.com_336139651447.fit,cycling,mountain,2025-05-25 13:31:15,48770.1,17164.709,1112.0,1116.0,114.0,163.0,2.841,13.24,1773.0
mario8000@gmail.com_337426806010.fit,cycling,mountain,2025-05-30 12:45:17,60758.99,19443.604,1872.0,1849.0,127.0,181.0,3.125,15.041,2474.0
mario8000@gmail.com_337676841574.fit,cycling,mountain,2025-05-31 11:43:27,57448.21,19053.822,992.0,837.0,117.0,181.0,3.015,10.656,2021.0
mario8000@gmail.com_337895334815.fit,cycling,mountain,2025-06-01 13:14:34,20482.81,9970.798,618.0,583.0,115.0,171.0,2.054,8.351,1023.0
mario8000@gmail.com_338437396390.fit,running,generic,2025-06-03 16:31:52,14082.41,4292.913,20.0,24.0,159.0,184.0,,,1027.0
mario8000@gmail.com_338698685107.fit,cycling,mountain,2025-06-04 16:33:41,22999.12,4210.425,145.0,116.0,108.0,143.0,5.462,8.696,395.0
mario8000@gmail.com_338958203120.fit,cycling,mountain,2025-06-05 15:59:52,41349.42,6499.635,123.0,124.0,133.0,176.0,6.362,9.816,919.0
mario8000@gmail.com_339473442910.fit,cycling,mountain,2025-06-07 12:51:52,53286.66,17399.951,1587.0,1573.0,140.0,189.0,3.062,13.651,2413.0
mario8000@gmail.com_339756229432.fit,cycling,mountain,2025-06-08 12:48:01,30952.51,15899.531,950.0,901.0,117.0,173.0,1.947,13.259,1554.0
mario8000@gmail.com_340242379273.fit,cycling,mountain,2025-06-10 14:58:09,35875.27,5875.63,119.0,99.0,129.0,151.0,6.106,8.734,756.0
mario8000@gmail.com_340759532468.fit,cycling,mountain,2025-06-12 14:06:06,35385.26,5524.826,161.0,121.0,134.0,177.0,6.405,10.749,826.0
mario8000@gmail.com_341037351305.fit,cycling,mountain,2025-06-13 16:24:28,12581.18,3285.173,213.0,215.0,128.0,172.0,3.83,10.45,462.0
mario8000@gmail.com_341236220457.fit,cycling,mountain,2025-06-14 09:01:02,47495.6,9293.457,1067.0,1045.0,178.0,192.0,5.111,12.951,2426.0
mario8000@gmail.com_341551952890.fit,cycling,generic,2025-06-15 12:06:02,6501.76,958.106,16.0,343.0,138.0,182.0,,,183.0
mario8000@gmail.com_341551963441.fit,cycling,generic,2025-06-15 14:21:12,590.26,132.892,0.0,62.0,139.0,144.0,,,28.0
mario8000@gmail.com_342369035509.fit,cycling,mountain,2025-06-18 15:22:43,57604.78,10734.267,333.0,320.0,122.0,179.0,5.366,9.788,1168.0
mario8000@gmail.com_342614356069.fit,hiking,generic,2025-06-19 14:32:26,9893.53,9521.886,255.0,250.0,82.0,126.0,,,514.0
mario8000@gmail.com_342875960053.fit,hiking,generic,2025-06-20 14:55:46,8400.79,8794.448,320.0,329.0,86.0,128.0,,,528.0
mario8000@gmail.com_343132525930.fit,cycling,mountain,2025-06-21 11:36:34,41843.61,16889.095,1445.0,1395.0,119.0,180.0,2.478,18.484,1865.0
mario8000@gmail.com_343391562802.fit,cycling,mountain,2025-06-22 10:29:07,59652.28,20813.073,1255.0,1232.0,118.0,186.0,2.866,12.326,2065.0
mario8000@gmail.com_344470942943.fit,cycling,mountain,2025-06-26 17:29:53,43181.85,7479.746,169.0,159.0,121.0,147.0,5.773,8.92,850.0
mario8000@gmail.com_344710148224.fit,cycling,mountain,2025-05-25 13:26:24,0.07,49.094,0.0,0.0,,,0.001,0.0,0.0
mario8000@gmail.com_344963583626.fit,cycling,mountain,2025-06-28 16:12:38,9850.52,4638.142,109.0,69.0,97.0,131.0,2.124,6.774,312.0
mario8000@gmail.com_345275145733.fit,cycling,mountain,2025-06-29 09:32:06,55905.01,29146.641,1881.0,2290.0,127.0,176.0,1.918,18.587,3218.0
mario8000@gmail.com_345497203124.fit,cycling,mountain,2025-06-30 10:18:43,56070.82,22438.094,2178.0,2125.0,127.0,183.0,2.499,13.539,2792.0
mario8000@gmail.com_345760380397.fit,cycling,mountain,2025-07-01 10:16:31,28586.18,13685.133,1224.0,1195.0,125.0,175.0,2.089,18.671,1606.0
mario8000@gmail.com_345966199177.fit,hiking,generic,2025-07-02 10:33:44,6702.91,11076.361,573.0,564.0,95.0,144.0,,,863.0
mario8000@gmail.com_346297494518.fit,cycling,mountain,2025-07-03 09:30:26,38407.51,21393.796,1403.0,1377.0,120.0,178.0,1.795,12.345,2106.0
mario8000@gmail.com_346549692150.fit,cycling,mountain,2025-07-04 10:45:44,28881.26,19025.39,1552.0,1507.0,120.0,175.0,1.518,16.665,2013.0
mario8000@gmail.com_346823951425.fit,cycling,mountain,2025-07-05 10:34:58,69918.89,28034.038,2281.0,2237.0,127.0,179.0,2.494,19.492,3497.0
mario8000@gmail.com_347844946296.fit,running,generic,2025-07-09 16:58:15,10217.89,3622.713,234.0,218.0,146.0,166.0,,,789.0
mario8000@gmail.com_348540969660.fit,cycling,mountain,2025-07-12 09:25:08,17683.51,2884.869,67.0,64.0,,,6.13,12.149,521.0
mario8000@gmail.com_349172778135.fit,cycling,mountain,2025-07-14 16:07:42,18903.65,6948.522,685.0,687.0,142.0,184.0,2.721,11.225,1133.0
mario8000@gmail.com_349429400510.fit,cycling,mountain,2025-07-15 15:20:50,26297.71,8450.346,474.0,262.0,137.0,192.0,3.112,13.418,1194.0
mario8000@gmail.com_349697306273.fit,cycling,mountain,2025-07-16 15:53:14,24898.07,6851.297,535.0,522.0,133.0,175.0,3.634,10.861,1014.0
mario8000@gmail.com_350468942421.fit,cycling,mountain,2025-07-19 11:48:19,33919.66,15209.966,1061.0,1019.0,125.0,184.0,2.23,13.66,1729.0
mario8000@gmail.com_350723992361.fit,cycling,generic,2025-07-20 14:58:36,7041.22,1020.226,13.0,373.0,109.0,136.0,,,125.0
mario8000@gmail.com_351026843837.fit,running,generic,2025-07-21 17:17:13,15517.82,4895.204,92.0,98.0,156.0,177.0,,,1150.0
mario8000@gmail.com_351554085189.fit,cycling,mountain,2025-07-23 15:19:10,55998.87,10032.425,326.0,289.0,130.0,182.0,5.582,11.831,1283.0
mario8000@gmail.com_351815799342.fit,running,generic,2025-07-24 17:01:10,8173.8,2542.312,26.0,26.0,152.0,167.0,,,588.0
mario8000@gmail.com_352336325705.fit,cycling,mountain,2025-07-26 12:16:51,63115.6,19405.409,1513.0,1492.0,129.0,174.0,3.252,11.635,2304.0
mario8000@gmail.com_352870095391.fit,running,generic,2025-07-28 15:52:29,21344.17,6242.565,48.0,45.0,165.0,178.0,,,1537.0
mario8000@gmail.com_353410735906.fit,cycling,mountain,2025-07-30 14:55:55,30061.28,5694.941,106.0,101.0,110.0,148.0,5.279,9.583,541.0
mario8000@gmail.com_354176442654.fit,cycling,mountain,2025-08-02 09:56:56,46591.7,17207.022,882.0,871.0,112.0,173.0,2.708,13.548,1601.0
mario8000@gmail.com_354473371510.fit,cycling,generic,2025-08-03 15:59:56,6316.67,1143.877,13.0,341.0,107.0,135.0,,,133.0
mario8000@gmail.com_355299945351.fit,running,generic,2025-08-06 16:10:20,6006.47,2619.78,13.0,6.0,127.0,175.0,,,423.0
mario8000@gmail.com_355561189472.fit,running,generic,2025-08-07 16:07:27,8217.24,2615.298,21.0,21.0,158.0,181.0,,,606.0
mario8000@gmail.com_356108837205.fit,cycling,mountain,2025-08-09 11:56:50,54581.98,19383.318,1444.0,1420.0,127.0,187.0,2.816,13.837,2202.0
mario8000@gmail.com_356666990283.fit,running,generic,2025-08-11 17:56:54,10044.87,2810.87,1.0,2.0,165.0,189.0,,,697.0
mario8000@gmail.com_356902917433.fit,cycling,mountain,2025-08-12 12:55:44,35830.45,9227.854,705.0,692.0,141.0,192.0,3.883,12.886,1345.0
mario8000@gmail.com_358243271770.fit,cycling,mountain,2025-08-17 09:02:04,65912.96,20630.886,1223.0,1211.0,115.0,173.0,3.195,13.996,2070.0
mario8000@gmail.com_358544609315.fit,running,generic,2025-08-18 16:13:38,17067.78,5142.839,39.0,43.0,157.0,170.0,,,1209.0
mario8000@gmail.com_359391453167.fit,running,generic,2025-08-21 19:10:56,7719.17,2859.153,21.0,17.0,132.0,144.0,,,559.0
mario8000@gmail.com_359647282517.fit,running,generic,2025-08-22 17:17:41,7952.86,2575.531,27.0,26.0,148.0,163.0,,,578.0
mario8000@gmail.com_359863383208.fit,running,generic,2025-08-23 12:01:18,9561.41,2747.601,44.0,43.0,164.0,189.0,,,689.0
mario8000@gmail.com_360473519007.fit,hiking,generic,2025-08-25 09:38:53,20557.67,23003.304,671.0,695.0,98.0,147.0,,,1789.0
mario8000@gmail.com_360746468588.fit,cycling,generic,2025-08-26 09:27:41,34052.06,16171.204,1705.0,772.0,100.0,156.0,,,1381.0
mario8000@gmail.com_361054267687.fit,hiking,generic,2025-08-27 12:01:30,12089.74,13749.167,407.0,404.0,88.0,134.0,,,879.0
mario8000@gmail.com_362339673198.fit,running,track,2025-09-01 14:01:53,10020.0,3066.916,16.0,14.0,162.0,181.0,,,740.0
mario8000@gmail.com_362915363114.fit,running,generic,2025-09-03 15:18:23,17234.25,5586.175,172.0,167.0,158.0,179.0,,,1293.0
mario8000@gmail.com_363194718429.fit,cycling,mountain,2025-09-04 15:56:04,34561.65,5976.823,137.0,119.0,132.0,168.0,5.783,9.732,858.0
mario8000@gmail.com_363756660744.fit,cycling,mountain,2025-09-06 09:02:44,30269.49,6912.928,431.0,247.0,176.0,189.0,4.379,12.979,1732.0
mario8000@gmail.com_363968026704.fit,running,generic,2025-09-07 11:24:40,3497.79,1219.451,37.0,33.0,143.0,160.0,,,257.0
mario8000@gmail.com_364298996825.fit,running,generic,2025-09-08 16:25:09,11151.49,3348.074,66.0,65.0,161.0,189.0,,,813.0
mario8000@gmail.com_364573460269.fit,cycling,mountain,2025-09-09 16:12:58,32145.09,5994.738,95.0,79.0,110.0,135.0,5.362,9.788,535.0
mario8000@gmail.com_364844411647.fit,running,generic,2025-09-10 16:13:02,11019.42,4262.211,65.0,61.0,138.0,150.0,,,807.0
mario8000@gmail.com_365112116421.fit,running,generic,2025-09-11 16:23:11,6849.81,2290.846,48.0,47.0,149.0,166.0,,,501.0
mario8000@gmail.com_365657833673.fit,cycling,mountain,2025-09-13 10:55:11,53380.61,17446.204,1077.0,1059.0,121.0,169.0,3.06,14.024,1876.0
mario8000@gmail.com_366209568614.fit,running,generic,2025-09-15 14:46:14,22059.54,6524.386,84.0,83.0,161.0,177.0,,,1561.0
mario8000@gmail.com_366753382151.fit,running,generic,2025-09-17 14:55:58,7028.8,2352.97,64.0,56.0,145.0,157.0,,,510.0
mario8000@gmail.com_367340241011.fit,running,generic,2025-09-19 17:37:47,6122.59,1985.34,38.0,38.0,148.0,179.0,,,438.0
mario8000@gmail.com_367780782920.fit,running,generic,2025-09-21 09:01:47,5005.09,1247.213,54.0,60.0,186.0,193.0,,,364.0
mario8000@gmail.com_367847486708.fit,cycling,mountain,2025-09-21 11:04:12,40307.95,13179.758,1120.0,1115.0,139.0,180.0,3.058,14.808,1822.0
mario8000@gmail.com_368681173405.fit,running,generic,2025-09-24 15:11:58,11096.97,4363.894,68.0,68.0,138.0,159.0,,,842.0
mario8000@gmail.com_369394468600.fit,running,generic,2025-09-27 08:25:41,2234.61,773.775,13.0,15.0,138.0,152.0,,,160.0
mario8000@gmail.com_369696721111.fit,running,generic,2025-09-28 07:01:54,42648.69,12702.873,151.0,153.0,167.0,185.0,,,3093.0
mario8000@gmail.com_370582580034.fit,running,generic,2025-10-01 15:40:14,5558.46,1635.507,30.0,20.0,164.0,180.0,,,404.0
mario8000@gmail.com_370862253434.fit,cycling,mountain,2025-10-02 15:56:43,18109.0,3314.716,53.0,78.0,113.0,143.0,5.463,8.174,353.0
mario8000@gmail.com_371416687698.fit,running,generic,2025-10-04 17:50:42,6564.33,2018.109,123.0,126.0,165.0,185.0,,,497.0
mario8000@gmail.com_371934575344.fit,running,generic,2025-10-06 15:20:12,10852.99,3375.562,19.0,17.0,157.0,179.0,,,768.0
mario8000@gmail.com_372490970147.fit,running,generic,2025-10-08 15:46:13,11316.5,3332.048,42.0,41.0,165.0,175.0,,,821.0
mario8000@gmail.com_373601084182.fit,cycling,mountain,2025-10-12 11:19:29,33881.11,11145.417,996.0,967.0,143.0,182.0,3.04,11.085,1653.0
mario8000@gmail.com_373844854437.fit,running,generic,2025-10-13 15:49:33,11086.97,3493.627,33.0,33.0,151.0,165.0,,,793.0
mario8000@gmail.com_375257118172.fit,running,generic,2025-10-18 17:20:09,4845.38,1758.388,127.0,128.0,151.0,167.0,,,391.0
mario8000@gmail.com_375460683875.fit,cycling,mountain,2025-10-19 11:20:19,41498.9,15004.001,1423.0,1389.0,128.0,170.0,2.766,14.985,1888.0
mario8000@gmail.com_376256918089.fit,running,generic,2025-10-22 14:08:18,7884.94,3612.501,343.0,343.0,150.0,183.0,,,696.0
mario8000@gmail.com_378695408965.fit,running,treadmill,2025-10-28 15:22:20,5349.36,1279.536,,,176.0,190.0,,,347.0
mario8000@gmail.com_378695443378.fit,running,generic,2025-10-31 17:46:27,7606.81,2846.914,256.0,266.0,154.0,185.0,,,630.0
mario8000@gmail.com_378878635051.fit,cycling,mountain,2025-11-01 10:40:18,4164.41,1846.507,130.0,82.0,135.0,170.0,2.255,10.273,305.0
mario8000@gmail.com_378978175862.fit,running,generic,2025-11-01 17:53:29,15058.64,5928.965,409.0,417.0,151.0,176.0,,,1185.0
mario8000@gmail.com_379190668134.fit,running,generic,2025-11-02 12:06:38,5204.02,3415.152,289.0,288.0,140.0,173.0,,,612.0
mario8000@gmail.com_380074794563.fit,running,generic,2025-11-05 16:14:02,12092.84,4075.742,52.0,52.0,148.0,180.0,,,842.0
mario8000@gmail.com_380347872119.fit,running,treadmill,2025-11-06 16:55:40,5488.98,1851.147,,,132.0,141.0,,,323.0
mario8000@gmail.com_381132213955.fit,hiking,generic,2025-11-09 09:31:05,14125.38,17016.724,799.0,813.0,95.0,135.0,,,1221.0
mario8000@gmail.com_381636912666.fit,hiking,generic,2025-11-10 10:47:27,9648.11,16684.599,821.0,584.0,96.0,148.0,,,1245.0
mario8000@gmail.com_381688716244.fit,running,generic,2025-11-11 14:14:14,11089.54,3008.26,43.0,44.0,168.0,186.0,,,768.0
mario8000@gmail.com_382256333720.fit,running,generic,2025-11-13 15:46:29,9789.35,3235.731,37.0,42.0,155.0,168.0,,,727.0
mario8000@gmail.com_382545898105.fit,running,generic,2025-11-14 18:23:04,8051.27,2743.767,34.0,34.0,141.0,156.0,,,567.0
mario8000@gmail.com_382846855393.fit,hiking,generic,2025-11-15 12:16:51,13560.62,13460.751,608.0,609.0,96.0,127.0,,,985.0
mario8000@gmail.com_383052348495.fit,running,generic,2025-11-16 14:23:55,8002.21,2962.229,35.0,26.0,153.0,180.0,,,655.0
mario8000@gmail.com_384668334422.fit,running,generic,2025-11-22 18:14:27,18085.28,5364.387,130.0,128.0,166.0,177.0,,,1305.0
mario8000@gmail.com_385740416831.fit,running,generic,2025-11-26 19:28:29,5098.06,1453.842,30.0,27.0,161.0,187.0,,,351.0
mario8000@gmail.com_387067504387.fit,running,generic,2025-12-01 20:04:12,7561.18,2141.789,31.0,33.0,157.0,182.0,,,515.0
mario8000@gmail.com_388905297957.fit,running,generic,2025-12-08 16:25:54,21577.48,6087.724,44.0,51.0,165.0,176.0,,,1509.0
mario8000@gmail.com_389453000819.fit,running,generic,2025-12-10 19:08:20,5154.04,1714.697,8.0,7.0,143.0,151.0,,,371.0
mario8000@gmail.com_389696875225.fit,running,generic,2025-12-11 16:31:39,11126.28,3770.093,46.0,36.0,145.0,156.0,,,797.0
mario8000@gmail.com_391035166062.fit,hiking,generic,2025-12-16 11:23:18,8696.99,8038.537,204.0,223.0,93.0,129.0,,,576.0
mario8000@gmail.com_391035181642.fit,running,generic,2025-12-16 17:49:41,4024.71,1486.075,180.0,186.0,141.0,174.0,,,302.0
mario8000@gmail.com_391285351366.fit,hiking,generic,2025-12-17 10:03:27,16399.78,16665.161,723.0,719.0,92.0,142.0,,,1164.0
mario8000@gmail.com_391936894607.fit,running,generic,2025-12-20 07:12:34,5314.14,1453.197,18.0,14.0,159.0,175.0,,,354.0
mario8000@gmail.com_392332359981.fit,running,generic,2025-12-21 17:40:09,5650.91,1880.443,18.0,18.0,139.0,157.0,,,396.0
mario8000@gmail.com_392865213686.fit,running,generic,2025-12-23 17:49:55,14210.97,3959.973,180.0,181.0,166.0,177.0,,,1001.0
mario8000@gmail.com_393851294367.fit,running,generic,2025-12-27 11:16:28,22826.08,9292.678,856.0,874.0,155.0,178.0,,,1904.0
mario8000@gmail.com_394473234511.fit,running,generic,2025-12-29 19:11:42,5318.21,1555.224,16.0,19.0,157.0,172.0,,,375.0
mario8000@gmail.com_395481562692.fit,running,generic,2026-01-02 09:52:54,17580.05,5979.255,483.0,491.0,168.0,186.0,,,1447.0
mario8000@gmail.com_395869865500.fit,running,generic,2026-01-03 18:49:13,10503.61,3854.529,305.0,302.0,157.0,177.0,,,856.0
mario8000@gmail.com_396444173194.fit,running,generic,2026-01-05 19:35:32,5418.14,1509.263,14.0,15.0,160.0,178.0,,,370.0
mario8000@gmail.com_398847175290.fit,running,generic,2026-01-13 19:15:52,6239.49,1989.999,22.0,22.0,151.0,161.0,,,450.0
mario8000@gmail.com_399144204794.fit,running,generic,2026-01-14 17:56:48,10771.09,3369.605,27.0,30.0,157.0,177.0,,,788.0
mario8000@gmail.com_399966277166.fit,running,generic,2026-01-17 11:01:05,19261.07,5987.708,396.0,392.0,164.0,183.0,,,1421.0
mario8000@gmail.com_400053292478.fit,cross_country_skiing,generic,2026-01-17 18:05:34,1843.08,850.474,51.0,162.0,112.0,141.0,,,93.0
mario8000@gmail.com_400340063657.fit,hiking,generic,2026-01-18 12:02:49,10390.81,11130.012,577.0,422.0,100.0,141.0,,,903.0
mario8000@gmail.com_400952120638.fit,running,generic,2026-01-20 17:37:10,8363.19,2882.974,14.0,10.0,140.0,152.0,,,594.0
mario8000@gmail.com_401274740794.fit,running,generic,2026-01-21 19:24:55,7206.24,2282.733,22.0,23.0,152.0,183.0,,,517.0
mario8000@gmail.com_401566515596.fit,running,generic,2026-01-22 18:37:58,7048.39,2456.578,25.0,26.0,147.0,163.0,,,526.0
mario8000@gmail.com_402150166191.fit,hiking,generic,2026-01-24 10:58:03,13493.78,16212.478,704.0,705.0,107.0,155.0,,,1485.0
mario8000@gmail.com_402464357042.fit,running,generic,2026-01-25 18:59:18,10104.8,2602.091,31.0,42.0,178.0,197.0,,,711.0
mario8000@gmail.com_402467030251.fit,running,generic,2026-01-25 19:46:00,2517.6,822.53,28.0,9.0,164.0,180.0,,,195.0
mario8000@gmail.com_403629214286.fit,running,generic,2026-01-29 17:01:59,6880.9,2315.283,28.0,27.0,149.0,161.0,,,508.0
mario8000@gmail.com_404208359875.fit,running,generic,2026-01-31 18:02:38,19082.86,6060.134,416.0,404.0,161.0,178.0,,,1409.0
mario8000@gmail.com_404466432581.fit,hiking,generic,2026-02-01 11:54:20,12459.87,11436.045,561.0,574.0,104.0,143.0,,,1003.0
mario8000@gmail.com_406581033554.fit,running,generic,2026-02-08 14:26:17,21327.33,6886.441,27.0,27.0,154.0,165.0,,,1546.0
mario8000@gmail.com_408465258833.fit,hiking,generic,2026-02-14 12:52:17,26823.33,17585.704,653.0,974.0,101.0,141.0,,,1425.0
mario8000@gmail.com_408662981869.fit,running,generic,2026-02-15 11:07:31,12308.84,3568.479,105.0,100.0,164.0,182.0,,,878.0
mario8000@gmail.com_409050628049.fit,hiking,generic,2026-02-16 12:10:21,14910.78,13423.069,697.0,704.0,106.0,141.0,,,1191.0
mario8000@gmail.com_410009715142.fit,running,generic,2026-02-19 18:55:53,9061.53,2527.325,25.0,24.0,165.0,181.0,,,630.0
mario8000@gmail.com_410601478330.fit,hiking,generic,2026-02-21 11:47:39,20088.49,16763.111,798.0,801.0,117.0,150.0,,,1736.0
mario8000@gmail.com_410877113396.fit,running,generic,2026-02-22 13:20:19,5625.29,1878.21,14.0,13.0,148.0,166.0,,,416.0
mario8000@gmail.com_411244263425.fit,running,generic,2026-02-23 16:35:39,15019.95,4364.562,38.0,38.0,163.0,185.0,,,1059.0
mario8000@gmail.com_412188340138.fit,running,generic,2026-02-26 15:33:57,10189.47,3355.855,11.0,8.0,147.0,161.0,,,733.0
mario8000@gmail.com_412771462467.fit,hiking,generic,2026-02-28 07:56:39,16167.14,10827.89,922.0,927.0,132.0,173.0,,,1467.0
mario8000@gmail.com_413097151639.fit,running,generic,2026-03-01 10:55:07,13945.96,6492.384,489.0,488.0,142.0,169.0,,,1153.0
mario8000@gmail.com_413801728577.fit,running,generic,2026-03-03 15:51:09,15047.77,4528.913,32.0,39.0,158.0,185.0,,,1064.0
mario8000@gmail.com_414480754381.fit,running,generic,2026-03-05 18:55:03,6032.98,2053.374,13.0,16.0,144.0,154.0,,,444.0
mario8000@gmail.com_415467305291.fit,running,generic,2026-03-08 17:54:00,15720.91,5759.237,430.0,433.0,147.0,175.0,,,1207.0
mario8000@gmail.com_416134152137.fit,running,generic,2026-03-10 20:08:32,6307.07,2330.423,17.0,20.0,133.0,158.0,,,459.0
mario8000@gmail.com_416760315965.fit,running,generic,2026-03-12 17:47:40,15538.78,4503.075,34.0,34.0,166.0,188.0,,,1106.0
mario8000@gmail.com_417379787025.fit,hiking,generic,2026-03-14 13:34:29,11047.11,10385.774,526.0,521.0,96.0,156.0,,,817.0
mario8000@gmail.com_417662008508.fit,cycling,mountain,2026-03-15 11:46:34,17453.04,6471.823,546.0,560.0,131.0,172.0,2.697,11.01,897.0
mario8000@gmail.com_418032345493.fit,running,generic,2026-03-16 16:22:22,9393.83,2954.472,12.0,12.0,151.0,166.0,,,674.0
mario8000@gmail.com_418687675585.fit,running,generic,2026-03-18 15:49:06,10009.5,3475.225,134.0,150.0,158.0,188.0,,,791.0
mario8000@gmail.com_419332478525.fit,running,generic,2026-03-20 14:53:02,8647.31,2692.737,26.0,31.0,151.0,163.0,,,615.0
mario8000@gmail.com_420001510115.fit,running,generic,2026-03-22 14:01:16,12822.66,5290.556,414.0,427.0,144.0,180.0,,,1013.0
mario8000@gmail.com_420704728835.fit,running,generic,2026-03-24 18:03:01,10890.19,3294.303,36.0,32.0,157.0,188.0,,,780.0
mario8000@gmail.com_421975519069.fit,cycling,mountain,2026-03-28 14:10:30,24269.48,9276.769,619.0,587.0,130.0,171.0,2.616,12.568,1200.0
mario8000@gmail.com_422255809769.fit,running,generic,2026-03-29 11:21:36,9819.52,3442.2,284.0,291.0,151.0,173.0,,,758.0
mario8000@gmail.com_424299565876.fit,running,generic,2026-04-04 16:11:37,4512.73,1541.579,162.0,170.0,153.0,181.0,,,352.0
mario8000@gmail.com_424912848933.fit,hiking,generic,2026-04-06 09:48:42,13017.88,13741.872,307.0,302.0,96.0,137.0,,,1064.0
mario8000@gmail.com_424975886782.fit,running,generic,2026-04-06 17:42:47,2809.69,1271.802,141.0,165.0,144.0,183.0,,,254.0
mario8000@gmail.com_425333024796.fit,running,generic,2026-04-07 17:39:39,3544.08,1656.722,225.0,220.0,136.0,177.0,,,299.0
mario8000@gmail.com_426658683775.fit,running,generic,2026-04-11 09:59:17,9723.34,2826.202,46.0,48.0,157.0,171.0,,,677.0
mario8000@gmail.com_426658735349.fit,cycling,mountain,2026-04-11 12:06:06,31867.51,6439.933,211.0,215.0,119.0,141.0,4.948,9.779,711.0
mario8000@gmail.com_427394978800.fit,running,generic,2026-04-13 17:29:05,8054.25,3374.935,35.0,38.0,119.0,185.0,,,547.0
mario8000@gmail.com_427726120641.fit,running,generic,2026-04-14 16:46:10,8562.96,2510.091,32.0,33.0,157.0,171.0,,,610.0
mario8000@gmail.com_428421517261.fit,running,generic,2026-04-16 17:37:49,7556.17,2624.537,22.0,24.0,140.0,156.0,,,555.0
mario8000@gmail.com_429056639752.fit,cycling,mountain,2026-04-18 11:43:53,47670.07,9805.552,298.0,258.0,102.0,155.0,4.862,10.665,746.0
mario8000@gmail.com_429419022457.fit,running,generic,2026-04-19 12:59:12,15071.12,3819.752,44.0,50.0,173.0,188.0,,,1044.0
mario8000@gmail.com_430133837503.fit,cycling,mountain,2026-04-21 15:52:24,39931.34,6684.295,160.0,160.0,136.0,164.0,5.974,10.777,1025.0
mario8000@gmail.com_430505622891.fit,running,generic,2026-04-22 17:08:57,5216.2,1965.041,14.0,12.0,131.0,146.0,,,385.0
mario8000@gmail.com_431178742122.fit,running,generic,2026-04-24 16:52:30,10028.66,3238.037,34.0,40.0,148.0,175.0,,,733.0
mario8000@gmail.com_431520518109.fit,cycling,mountain,2026-04-25 15:17:47,27169.99,8639.764,785.0,774.0,142.0,184.0,3.145,14.351,1323.0
mario8000@gmail.com_431829564936.fit,cycling,mountain,2026-04-26 11:24:44,42088.49,12369.136,1029.0,999.0,129.0,169.0,3.403,11.747,1643.0
mario8000@gmail.com_432558036479.fit,cycling,mountain,2026-04-28 15:46:18,29024.19,6207.347,124.0,123.0,111.0,138.0,4.676,8.622,588.0
mario8000@gmail.com_433248879634.fit,running,generic,2026-04-30 16:47:04,6645.24,1745.345,21.0,28.0,178.0,186.0,,,481.0
mario8000@gmail.com_433544030528.fit,cycling,mountain,2026-05-01 11:06:26,27642.25,7991.518,842.0,774.0,141.0,185.0,3.459,13.567,1254.0
mario8000@gmail.com_433923331250.fit,cycling,mountain,2026-05-02 10:32:27,47908.51,17319.918,1602.0,1562.0,127.0,174.0,2.766,16.282,2085.0
mario8000@gmail.com_434615037430.fit,running,treadmill,2026-05-04 14:41:54,11332.13,3691.057,,,140.0,170.0,,,701.0
mario8000@gmail.com_435000675479.fit,cycling,mountain,2026-05-05 16:01:06,37377.11,6982.601,131.0,105.0,112.0,152.0,5.353,10.404,663.0
mario8000@gmail.com_435330329436.fit,running,generic,2026-05-06 16:32:06,12247.27,3441.815,27.0,30.0,161.0,179.0,,,852.0
mario8000@gmail.com_436231289334.fit,running,generic,2026-05-09 07:35:39,14396.59,4127.993,67.0,72.0,160.0,175.0,,,1021.0
mario8000@gmail.com_436717566519.fit,cycling,mountain,2026-05-10 10:55:20,70824.35,23588.662,1942.0,1873.0,124.0,174.0,3.002,16.245,2723.0
mario8000@gmail.com_437386692259.fit,running,generic,2026-05-12 15:36:15,11509.31,4374.247,36.0,39.0,137.0,155.0,,,879.0
mario8000@gmail.com_438106030979.fit,running,generic,2026-05-14 17:17:16,9009.14,2830.176,27.0,38.0,158.0,186.0,,,655.0
mario8000@gmail.com_438808042183.fit,running,generic,2026-05-16 17:57:58,5686.9,2071.814,192.0,207.0,142.0,178.0,,,439.0
mario8000@gmail.com_439119294006.fit,cycling,mountain,2026-05-17 15:38:18,30040.73,4824.836,96.0,100.0,129.0,161.0,6.226,10.17,685.0
mario8000@gmail.com_439736860259.fit,running,generic,2026-05-19 10:54:24,7878.44,2297.765,33.0,35.0,151.0,174.0,,,545.0
mario8000@gmail.com_440536206141.fit,running,generic,2026-05-21 17:12:23,14808.56,4245.07,56.0,55.0,158.0,182.0,,,1043.0
mario8000@gmail.com_440896925772.fit,cycling,mountain,2026-05-22 17:27:06,15622.93,4225.487,376.0,359.0,129.0,157.0,3.697,11.673,611.0
mario8000@gmail.com_441927981471.fit,cycling,mountain,2026-05-25 17:00:08,13058.91,4763.655,445.0,422.0,128.0,164.0,2.741,13.977,696.0
mario8000@gmail.com_443680985289.fit,cycling,mountain,2026-05-30 13:01:58,46293.99,16026.353,1056.0,1049.0,118.0,174.0,2.889,12.335,1694.0
mario8000@gmail.com_443950816837.fit,cycling,mountain,2026-05-31 09:15:26,30767.33,10627.726,892.0,842.0,127.0,164.0,2.895,14.575,1314.0
mario8000@gmail.com_446842251512.fit,running,generic,2026-06-08 16:01:10,12019.5,4211.219,55.0,55.0,138.0,151.0,,,865.0
mario8000@gmail.com_448924039311.fit,cycling,mountain,2026-06-14 08:41:36,42918.3,22317.491,1952.0,1905.0,131.0,180.0,1.923,13.604,2788.0
mario8000@gmail.com_449657034239.fit,cycling,mountain,2026-06-16 08:35:38,54047.55,19706.9,2015.0,1935.0,134.0,174.0,2.743,16.935,2617.0
mario8000@gmail.com_449991791371.fit,cycling,mountain,2026-06-17 09:54:13,32651.39,15994.715,1228.0,1176.0,117.0,164.0,2.041,13.399,1738.0
mario8000@gmail.com_450363367533.fit,hiking,generic,2026-06-18 10:42:32,12721.62,22796.633,1034.0,1051.0,96.0,146.0,,,1800.0
mario8000@gmail.com_450668519934.fit,cycling,mountain,2026-06-19 09:51:00,37056.4,14883.568,1201.0,1117.0,121.0,169.0,2.49,13.585,1723.0
mario8000@gmail.com_451069875267.fit,cycling,mountain,2026-06-20 09:53:21,44995.24,27010.0,1888.0,1868.0,122.0,171.0,1.666,14.547,2958.0
mario8000@gmail.com_451414672675.fit,cycling,mountain,2026-06-21 16:39:56,6867.01,2622.912,48.0,36.0,100.0,137.0,2.618,8.547,174.0
mario8000@gmail.com_451741691077.fit,cycling,mountain,2026-06-22 08:46:01,52374.33,27031.317,2333.0,2261.0,123.0,177.0,1.938,13.959,3118.0
mario8000@gmail.com_451953451711.fit,running,generic,2026-06-23 05:57:39,5010.73,1584.348,43.0,31.0,142.0,160.0,,,355.0
mario8000@gmail.com_452465472411.fit,cycling,mountain,2026-06-24 15:45:15,24590.47,7106.638,602.0,568.0,132.0,182.0,3.46,13.893,1000.0
mario8000@gmail.com_452822887784.fit,cycling,mountain,2026-06-25 16:05:47,28272.41,8864.567,643.0,583.0,120.0,179.0,3.189,14.845,1048.0
mario8000@gmail.com_453450882180.fit,cycling,mountain,2026-06-27 10:43:01,45474.27,12615.07,1059.0,990.0,123.0,174.0,3.605,14.36,1600.0
mario8000@gmail.com_453793147528.fit,hiking,generic,2026-06-28 12:50:24,2240.14,2798.695,146.0,148.0,91.0,127.0,,,224.0
mario8000@gmail.com_454155746010.fit,running,generic,2026-06-29 14:34:52,11685.65,3584.494,66.0,72.0,157.0,179.0,,,869.0
mario8000@gmail.com_454876651107.fit,running,generic,2026-07-01 14:51:49,22268.35,6505.951,42.0,59.0,159.0,184.0,,,1607.0
mario8000@gmail.com_455255320507.fit,cycling,mountain,2026-07-02 17:18:16,27257.61,5400.164,133.0,119.0,115.0,157.0,5.048,9.48,614.0
mario8000@gmail.com_455608450494.fit,running,generic,2026-07-03 16:51:08,6455.1,2224.735,16.0,18.0,136.0,149.0,,,471.0
mario8000@gmail.com_455952380407.fit,cycling,mountain,2026-07-04 13:31:43,57376.22,17260.875,1511.0,1473.0,133.0,174.0,3.324,15.293,2355.0
mario8000@gmail.com_456640476609.fit,running,generic,2026-07-06 16:44:48,13090.62,3729.784,35.0,36.0,164.0,188.0,,,930.0
mario8000@gmail.com_457300886815.fit,running,generic,2026-07-08 14:07:42,6144.96,2309.046,26.0,26.0,131.0,143.0,,,452.0
mario8000@gmail.com_457686667267.fit,running,generic,2026-07-09 16:17:29,9095.45,2772.687,27.0,32.0,153.0,182.0,,,663.0
mario8000@gmail.com_458054568597.fit,cycling,mountain,2026-07-10 16:45:51,29539.31,5551.529,101.0,94.0,106.0,144.0,5.321,8.183,502.0
mario8000@gmail.com_458271343628.fit,running,generic,2026-07-11 09:00:46,6020.75,1716.871,22.0,22.0,161.0,176.0,,,438.0
mario8000@gmail.com_459075003565.fit,running,generic,2026-07-13 15:18:54,13294.77,4355.463,76.0,75.0,146.0,168.0,,,979.0
mario8000@gmail.com_459833578074.fit,running,generic,2026-07-15 18:45:57,10689.44,3768.549,76.0,76.0,140.0,181.0,,,784.0
mario8000@gmail.com_460137314503.fit,running,generic,2026-07-16 16:20:48,6648.48,2326.367,17.0,20.0,138.0,178.0,,,487.0
mario8000@gmail.com_460845586697.fit,cycling,mountain,2026-07-18 12:29:36,56640.72,18384.54,1302.0,1284.0,118.0,171.0,3.081,13.268,2111.0
mario8000@gmail.com_461099754041.fit,cycling,mountain,2026-07-19 09:24:13,26747.74,6495.591,603.0,568.0,136.0,176.0,4.118,13.324,997.0
mario8000@gmail.com_462616991575.fit,cycling,generic,2026-07-23 16:20:56,23053.73,4099.113,73.0,71.0,109.0,131.0,,,444.0
mario8000@gmail.com_462885845199.fit,running,generic,2026-07-24 11:17:45,3526.44,1255.388,17.0,19.0,139.0,165.0,,,268.0
mario8000@gmail.com_462988323394.fit,hiking,generic,2026-07-24 18:03:52,3101.1,2768.463,192.0,192.0,94.0,139.0,,,250.0
mario8000@gmail.com_463225345491.fit,running,generic,2026-07-25 10:05:19,4904.55,1166.68,45.0,45.0,186.0,195.0,,,356.0
mario8000@gmail.com_463238413860.fit,running,generic,2026-07-25 11:01:19,3847.26,1435.55,138.0,134.0,150.0,181.0,,,310.0
mario8000@gmail.com_463645381207.fit,cycling,mountain,2026-07-26 11:59:59,39946.36,8579.325,277.0,247.0,103.0,152.0,4.656,8.799,638.0
mario8000@gmail.com_463683490222.fit,cycling,mountain,2026-07-26 15:14:35,15988.76,5762.523,133.0,128.0,105.0,144.0,2.775,7.334,478.0
mario8000@gmail.com_464022127122.fit,running,generic,2026-07-27 14:32:13,14077.16,4589.168,38.0,42.0,145.0,160.0,,,1002.0
mario8000@gmail.com_465160120852.fit,cycling,mountain,2026-07-30 14:54:04,50940.6,14003.707,959.0,932.0,128.0,176.0,3.638,15.676,1702.0
mario8000@gmail.com_465504071156.fit,cycling,mountain,2026-07-31 15:37:45,29067.68,8755.015,762.0,727.0,148.0,175.0,3.32,13.25,1473.0
mario8000@gmail.com_465842539325.fit,cycling,mountain,2026-08-01 12:29:42,46192.71,13492.006,992.0,956.0,121.0,168.0,3.424,10.404,1501.0
mario8000@gmail.com_466246174522.fit,hiking,generic,2026-08-02 17:21:28,6822.46,6526.053,324.0,331.0,95.0,159.0,,,517.0
mario8000@gmail.com_466597864633.fit,cycling,mountain,2026-08-03 15:30:05,34639.18,11127.83,863.0,813.0,127.0,173.0,3.113,11.803,1330.0
mario8000@gmail.com_466955059850.fit,cycling,mountain,2026-08-04 16:39:53,13470.89,3763.931,308.0,297.0,122.0,168.0,3.579,13.371,465.0
mario8000@gmail.com_467317057614.fit,running,generic,2026-08-05 16:28:45,10387.9,3129.09,35.0,38.0,158.0,169.0,,,747.0
mario8000@gmail.com_468051104515.fit,running,generic,2026-08-07 16:59:40,10213.1,2927.812,19.0,21.0,161.0,182.0,,,712.0
mario8000@gmail.com_468385688695.fit,cycling,mountain,2026-08-08 10:12:35,47033.55,19307.348,1385.0,1310.0,116.0,170.0,2.436,13.362,1976.0
mario8000@gmail.com_469150245399.fit,cycling,mountain,2026-08-10 16:52:40,24241.9,6714.111,683.0,677.0,155.0,180.0,3.611,14.211,1239.0
mario8000@gmail.com_469465338156.fit,running,generic,2026-08-11 14:33:47,5308.84,1762.083,21.0,27.0,137.0,153.0,,,370.0
mario8000@gmail.com_469867678743.fit,running,generic,2026-08-12 16:14:07,11623.93,3458.297,40.0,40.0,154.0,189.0,,,803.0
mario8000@gmail.com_470595978108.fit,cycling,mountain,2026-08-14 15:42:48,13920.29,6437.333,385.0,348.0,113.0,162.0,2.162,12.96,651.0
mario8000@gmail.com_470903270307.fit,cycling,mountain,2026-08-15 08:24:19,52476.38,19054.158,1965.0,1729.0,127.0,178.0,2.754,12.811,2354.0
mario8000@gmail.com_471369002542.fit,cycling,mountain,2026-08-16 09:49:17,20297.87,11078.71,996.0,928.0,109.0,174.0,1.832,13.194,1050.0
mario8000@gmail.com_472061092141.fit,cycling,mountain,2026-08-18 15:23:49,54647.76,9416.515,205.0,194.0,139.0,177.0,5.803,9.695,1390.0
mario8000@gmail.com_472430611711.fit,running,generic,2026-08-19 16:55:16,10082.58,3241.997,23.0,25.0,150.0,180.0,,,718.0
mario8000@gmail.com_473874043480.fit,cycling,mountain,2026-08-23 11:12:53,44111.29,16340.551,1281.0,1276.0,125.0,176.0,2.699,10.842,1980.0
mario8000@gmail.com_474270857689.fit,cycling,mountain,2026-08-24 15:25:10,27841.98,8016.134,634.0,589.0,131.0,180.0,3.473,12.251,1039.0
mario8000@gmail.com_474656509654.fit,cycling,mountain,2026-08-25 15:30:45,31558.78,9172.633,689.0,669.0,131.0,180.0,3.441,11.999,1191.0
mario8000@gmail.com_475040851119.fit,cycling,mountain,2026-08-26 15:43:07,34915.99,9155.152,582.0,582.0,120.0,166.0,3.814,10.992,1043.0
mario8000@gmail.com_475783786738.fit,cycling,mountain,2026-08-28 15:18:37,34135.53,10261.603,724.0,678.0,128.0,181.0,3.327,12.428,1249.0
mario8000@gmail.com_476128809119.fit,cycling,mountain,2026-08-29 11:52:56,46546.34,13010.094,918.0,898.0,109.0,163.0,3.578,14.873,1236.0
mario8000@gmail.com_476907868367.fit,running,generic,2026-08-31 16:28:08,22038.91,6058.689,53.0,53.0,167.0,180.0,,,1573.0
mario8000@gmail.com_478052457776.fit,running,generic,2026-09-03 17:08:16,7149.15,2538.724,27.0,26.0,136.0,155.0,,,521.0
